"","Rank1","Rank2","Rank3","Rank4","Rank5","Rank6","Rank7","Accession"
"ASV3","Bacteria","Proteobacteria","Gammaproteobacteria","Ectothiorhodospirales","Ectothiorhodospiraceae","uncultured",NA,NA
"ASV4","Bacteria","Proteobacteria","Gammaproteobacteria","Betaproteobacteriales","Methylophilaceae","Methylotenera",NA,NA
"ASV7","Bacteria","Proteobacteria","Gammaproteobacteria","Betaproteobacteriales","Methylophilaceae","Methylophilus",NA,NA
"ASV8","Bacteria","Proteobacteria","Alphaproteobacteria","Rhodobacterales","Rhodobacteraceae","Sulfitobacter",NA,NA
"ASV9","Bacteria","Bacteroidetes","Bacteroidia","Flavobacteriales","Flavobacteriaceae","Polaribacter",NA,NA
"ASV12","Bacteria","Bacteroidetes","Bacteroidia","Chitinophagales","Saprospiraceae","uncultured",NA,NA
"ASV14","Bacteria","Proteobacteria","Alphaproteobacteria","Rhodobacterales","Rhodobacteraceae","Loktanella",NA,NA
"ASV15","Bacteria","Proteobacteria","Alphaproteobacteria","Rhodobacterales","Rhodobacteraceae","Pacificibacter",NA,NA
"ASV16","Bacteria","Proteobacteria","Gammaproteobacteria","Alteromonadales","Alteromonadaceae","Alteromonas",NA,NA
"ASV24","Bacteria","Cyanobacteria","Oxyphotobacteria","Synechococcales","Cyanobiaceae","Synechococcus_CC9902",NA,NA
"ASV26","Bacteria","Proteobacteria","Gammaproteobacteria","Thiohalorhabdales","Thiohalorhabdaceae","Granulosicoccus",NA,NA
"ASV33","Bacteria","Proteobacteria","Gammaproteobacteria","Thiotrichales","Thiotrichaceae","Leucothrix",NA,NA
"ASV36","Bacteria","Proteobacteria","Gammaproteobacteria","Thiotrichales","Thiotrichaceae","Cocleimonas",NA,NA
"ASV39","Bacteria","Proteobacteria","Gammaproteobacteria","Alteromonadales","Pseudoalteromonadaceae","Pseudoalteromonas",NA,NA
"ASV43","Bacteria","Proteobacteria","Alphaproteobacteria","Rhodobacterales","Rhodobacteraceae","Pseudooctadecabacter",NA,NA
"ASV45","Bacteria","Bacteroidetes","Bacteroidia","Flavobacteriales","Flavobacteriaceae","Maribacter",NA,NA
"ASV46","Bacteria","Proteobacteria","Alphaproteobacteria","Rhizobiales","Rhizobiaceae","Lentilitoribacter",NA,NA
"ASV47","Bacteria","Proteobacteria","Gammaproteobacteria","Alteromonadales","Marinobacteraceae","Marinobacter",NA,NA
"ASV52","Bacteria","Proteobacteria","Gammaproteobacteria","Pseudomonadales","Pseudomonadaceae","Pseudomonas",NA,NA
"ASV55","Bacteria","Verrucomicrobia","Verrucomicrobiae","Verrucomicrobiales","Rubritaleaceae","Persicirhabdus",NA,NA
"ASV58","Bacteria","Bacteroidetes","Bacteroidia","Flavobacteriales","Flavobacteriaceae","Winogradskyella",NA,NA
"ASV62","Bacteria","Proteobacteria","Gammaproteobacteria","Alteromonadales","Colwelliaceae","Colwellia",NA,NA
"ASV63","Bacteria","Bacteroidetes","Bacteroidia","Flavobacteriales","Flavobacteriaceae","Kordia",NA,NA
"ASV67","Bacteria","Proteobacteria","Gammaproteobacteria","Oceanospirillales","Marinomonadaceae","Marinomonas",NA,NA
"ASV69","Bacteria","Bacteroidetes","Bacteroidia","Flavobacteriales","Flavobacteriaceae","Flavicella",NA,NA
"ASV70","Bacteria","Bacteroidetes","Bacteroidia","Sphingobacteriales","KD3-93","uncultured_bacterium",NA,NA
"ASV74","Bacteria","Proteobacteria","Gammaproteobacteria","Cellvibrionales","Halieaceae","OM60(NOR5)_clade",NA,NA
"ASV78","Bacteria","Actinobacteria","Actinobacteria","Micrococcales","Microbacteriaceae","Candidatus_Aquiluna",NA,NA
"ASV79","Bacteria","Proteobacteria","Gammaproteobacteria","Oceanospirillales","Oleiphilaceae","Oleiphilus",NA,NA
"ASV82","Bacteria","Proteobacteria","Gammaproteobacteria","Alteromonadales","Alteromonadaceae","uncultured",NA,NA
"ASV83","Bacteria","Proteobacteria","Alphaproteobacteria","Rhodobacterales","Rhodobacteraceae","Amylibacter",NA,NA
"ASV87","Bacteria","Proteobacteria","Alphaproteobacteria","Caulobacterales","Hyphomonadaceae","Hellea",NA,NA
"ASV88","Bacteria","Bacteroidetes","Bacteroidia","Flavobacteriales","Flavobacteriaceae","uncultured",NA,NA
"ASV89","Bacteria","Proteobacteria","Alphaproteobacteria","Rhodobacterales","Rhodobacteraceae","Planktomarina",NA,NA
"ASV92","Bacteria","Proteobacteria","Alphaproteobacteria","Rhodobacterales","Rhodobacteraceae","Donghicola",NA,NA
"ASV94","Bacteria","Bacteroidetes","Bacteroidia","Flavobacteriales","Flavobacteriaceae","Dokdonia",NA,NA
"ASV96","Bacteria","Proteobacteria","Alphaproteobacteria","Caulobacterales","Hyphomonadaceae","Litorimonas",NA,NA
"ASV100","Bacteria","Proteobacteria","Gammaproteobacteria","Pseudomonadales","Moraxellaceae","Psychrobacter",NA,NA
"ASV106","Bacteria","Bacteroidetes","Bacteroidia","Flavobacteriales","Flavobacteriaceae","Polaribacter_4",NA,NA
"ASV110","Bacteria","Proteobacteria","Alphaproteobacteria","Kordiimonadales","Kordiimonadaceae","Kordiimonas",NA,NA
"ASV111","Bacteria","Proteobacteria","Gammaproteobacteria","Oceanospirillales","Halomonadaceae","Halomonas",NA,NA
"ASV118","Bacteria","Verrucomicrobia","Verrucomicrobiae","Verrucomicrobiales","DEV007","uncultured_bacterium",NA,NA
"ASV123","Bacteria","Proteobacteria","Gammaproteobacteria","Nitrosococcales","Methylophagaceae","uncultured",NA,NA
"ASV124","Bacteria","Bacteroidetes","Bacteroidia","Flavobacteriales","Flavobacteriaceae","Lutimonas",NA,NA
"ASV125","Bacteria","Proteobacteria","Gammaproteobacteria","Alteromonadales","Alteromonadaceae","Glaciecola",NA,NA
"ASV129","Bacteria","Bacteroidetes","Bacteroidia","Cytophagales","Amoebophilaceae","Candidatus_Amoebophilus",NA,NA
"ASV133","Bacteria","Proteobacteria","Alphaproteobacteria","Rhodobacterales","Rhodobacteraceae","Tropicibacter",NA,NA
"ASV137","Bacteria","Bacteroidetes","Bacteroidia","Flavobacteriales","Flavobacteriaceae","Formosa",NA,NA
"ASV138","Bacteria","Planctomycetes","Planctomycetacia","Pirellulales","Pirellulaceae","Blastopirellula",NA,NA
"ASV139","Bacteria","Proteobacteria","Gammaproteobacteria","Alteromonadales","Psychromonadaceae","Psychromonas",NA,NA
"ASV140","Bacteria","Proteobacteria","Alphaproteobacteria","Rhodobacterales","Rhodobacteraceae","Pseudooceanicola",NA,NA
"ASV144","Bacteria","Proteobacteria","Alphaproteobacteria","Caulobacterales","Hyphomonadaceae","uncultured",NA,NA
"ASV146","Bacteria","Proteobacteria","Alphaproteobacteria","Rhodobacterales","Rhodobacteraceae","Pseudophaeobacter",NA,NA
"ASV152","Bacteria","Proteobacteria","Alphaproteobacteria","Rickettsiales","Rickettsiaceae","Rickettsia",NA,NA
"ASV153","Bacteria","Bacteroidetes","Bacteroidia","Flavobacteriales","Flavobacteriaceae","Ulvibacter",NA,NA
"ASV154","Bacteria","Proteobacteria","Alphaproteobacteria","Caulobacterales","Hyphomonadaceae","Fretibacter",NA,NA
"ASV158","Bacteria","Proteobacteria","Alphaproteobacteria","Rhodobacterales","Rhodobacteraceae","uncultured",NA,NA
"ASV160","Bacteria","Bacteroidetes","Bacteroidia","Chitinophagales","Saprospiraceae","Lewinella",NA,NA
"ASV164","Bacteria","Actinobacteria","Acidimicrobiia","Microtrichales","Microtrichaceae","uncultured",NA,NA
"ASV167","Bacteria","Proteobacteria","Alphaproteobacteria","Rhizobiales","Rhizobiaceae","Pseudahrensia",NA,NA
"ASV172","Bacteria","Proteobacteria","Gammaproteobacteria","Cellvibrionales","Halieaceae","Halioglobus",NA,NA
"ASV178","Bacteria","Bacteroidetes","Bacteroidia","Flavobacteriales","Flavobacteriaceae","NS5_marine_group",NA,NA
"ASV179","Bacteria","Bacteroidetes","Bacteroidia","Flavobacteriales","Flavobacteriaceae","Tenacibaculum",NA,NA
"ASV181","Bacteria","Bacteroidetes","Bacteroidia","Flavobacteriales","Flavobacteriaceae","Ichthyenterobacterium",NA,NA
"ASV188","Bacteria","Bacteroidetes","Bacteroidia","Flavobacteriales","Flavobacteriaceae","Psychroserpens",NA,NA
"ASV189","Bacteria","Proteobacteria","Alphaproteobacteria","Rhodobacterales","Rhodobacteraceae","Xuhuaishuia",NA,NA
"ASV195","Bacteria","Fusobacteria","Fusobacteriia","Fusobacteriales","Leptotrichiaceae","Hypnocyclicus",NA,NA
"ASV200","Bacteria","Proteobacteria","Alphaproteobacteria","Rhodobacterales","Rhodobacteraceae","Octadecabacter",NA,NA
"ASV202","Bacteria","Bacteroidetes","Bacteroidia","Flavobacteriales","Flavobacteriaceae","NS3a_marine_group",NA,NA
"ASV207","Bacteria","Proteobacteria","Gammaproteobacteria","Oceanospirillales","Saccharospirillaceae","Oleispira",NA,NA
"ASV210","Bacteria","Proteobacteria","Gammaproteobacteria","Cellvibrionales","Halieaceae","Congregibacter",NA,NA
"ASV212","Bacteria","Proteobacteria","Alphaproteobacteria","Caulobacterales","Hyphomonadaceae","Hirschia",NA,NA
"ASV221","Bacteria","Proteobacteria","Gammaproteobacteria","Arenicellales","Arenicellaceae","Arenicella",NA,NA
"ASV227","Bacteria","Bacteroidetes","Bacteroidia","Flavobacteriales","Flavobacteriaceae","NS4_marine_group",NA,NA
"ASV229","Bacteria","Proteobacteria","Gammaproteobacteria","Alteromonadales","Shewanellaceae","Psychrobium",NA,NA
"ASV231","Bacteria","Proteobacteria","Alphaproteobacteria","Rhodobacterales","Rhodobacteraceae","Tateyamaria",NA,NA
"ASV232","Bacteria","Epsilonbacteraeota","Campylobacteria","Campylobacterales","Sulfurovaceae","Sulfurovum",NA,NA
"ASV234","Bacteria","Proteobacteria","Alphaproteobacteria","Rhodobacterales","Rhodobacteraceae","Silicimonas",NA,NA
"ASV239","Bacteria","Verrucomicrobia","Verrucomicrobiae","Verrucomicrobiales","Rubritaleaceae","Roseibacillus",NA,NA
"ASV247","Bacteria","Proteobacteria","Gammaproteobacteria","Vibrionales","Vibrionaceae","Vibrio",NA,NA
"ASV251","Bacteria","Bacteroidetes","Bacteroidia","Flavobacteriales","Flavobacteriaceae","Flaviramulus",NA,NA
"ASV253","Bacteria","Proteobacteria","Alphaproteobacteria","Sphingomonadales","Sphingomonadaceae","Altererythrobacter",NA,NA
"ASV254","Bacteria","Proteobacteria","Gammaproteobacteria","Oceanospirillales","Saccharospirillaceae","Spongiispira",NA,NA
"ASV256","Bacteria","Proteobacteria","Alphaproteobacteria","Sphingomonadales","Sphingomonadaceae","Sphingorhabdus",NA,NA
"ASV257","Bacteria","Bacteroidetes","Bacteroidia","Flavobacteriales","Flavobacteriaceae","Lacinutrix",NA,NA
"ASV258","Bacteria","Proteobacteria","Gammaproteobacteria","Oceanospirillales","Saccharospirillaceae","Oleibacter",NA,NA
"ASV262","Bacteria","Bacteroidetes","Bacteroidia","Flavobacteriales","Flavobacteriaceae","Aurantivirga",NA,NA
"ASV266","Bacteria","Proteobacteria","Gammaproteobacteria","Cellvibrionales","Porticoccaceae","SAR92_clade",NA,NA
"ASV271","Bacteria","Planctomycetes","Planctomycetacia","Pirellulales","Pirellulaceae","uncultured",NA,NA
"ASV279","Bacteria","Bacteroidetes","Bacteroidia","Flavobacteriales","Flavobacteriaceae","Aquibacter",NA,NA
"ASV280","Bacteria","Proteobacteria","Alphaproteobacteria","Rhodospirillales","Thalassospiraceae","Thalassospira",NA,NA
"ASV283","Bacteria","Proteobacteria","Alphaproteobacteria","Parvibaculales","uncultured","bacterium_DG948",NA,NA
"ASV284","Bacteria","Proteobacteria","Gammaproteobacteria","Cellvibrionales","Cellvibrionaceae","uncultured",NA,NA
"ASV291","Bacteria","Proteobacteria","Gammaproteobacteria","Alteromonadales","Pseudoalteromonadaceae","Psychrosphaera",NA,NA
"ASV296","Bacteria","Bacteroidetes","Bacteroidia","Flavobacteriales","Flavobacteriaceae","Pseudofulvibacter",NA,NA
"ASV305","Bacteria","Planctomycetes","Planctomycetacia","Planctomycetales","Rubinisphaeraceae","uncultured",NA,NA
"ASV308","Bacteria","Proteobacteria","Gammaproteobacteria","Alteromonadales","Alteromonadaceae","Paraglaciecola",NA,NA
"ASV312","Bacteria","Actinobacteria","Acidimicrobiia","Microtrichales","Microtrichaceae","Sva0996_marine_group",NA,NA
"ASV313","Bacteria","Proteobacteria","Gammaproteobacteria","Oceanospirillales","Nitrincolaceae","uncultured",NA,NA
"ASV314","Bacteria","Proteobacteria","Gammaproteobacteria","Alteromonadales","Colwelliaceae","Thalassotalea",NA,NA
"ASV323","Bacteria","Bacteroidetes","Bacteroidia","Cytophagales","Cyclobacteriaceae","Roseivirga",NA,NA
"ASV324","Bacteria","Proteobacteria","Gammaproteobacteria","Cellvibrionales","Porticoccaceae","C1-B045",NA,NA
"ASV328","Bacteria","Bacteroidetes","Bacteroidia","Sphingobacteriales","NS11-12_marine_group","uncultured_bacterium",NA,NA
"ASV338","Bacteria","Proteobacteria","Deltaproteobacteria","Bdellovibrionales","Bdellovibrionaceae","Bdellovibrio",NA,NA
"ASV347","Bacteria","Proteobacteria","Deltaproteobacteria","Desulfobacterales","Desulfobulbaceae","uncultured",NA,NA
"ASV353","Bacteria","Bacteroidetes","Bacteroidia","Cytophagales","Amoebophilaceae","Candidatus_Cardinium",NA,NA
"ASV355","Bacteria","Bacteroidetes","Bacteroidia","Flavobacteriales","Flavobacteriaceae","Actibacter",NA,NA
"ASV368","Bacteria","Proteobacteria","Alphaproteobacteria","Rhodobacterales","Rhodobacteraceae","Sedimentitalea",NA,NA
"ASV369","Bacteria","Bacteroidetes","Bacteroidia","Flavobacteriales","Cryomorphaceae","uncultured",NA,NA
"ASV373","Bacteria","Bacteroidetes","Bacteroidia","Cytophagales","Spirosomaceae","Taeseokella",NA,NA
"ASV392","Bacteria","Proteobacteria","Alphaproteobacteria","Rhodobacterales","Rhodobacteraceae","Tropicimonas",NA,NA
"ASV393","Bacteria","Bacteroidetes","Bacteroidia","Flavobacteriales","Flavobacteriaceae","Algibacter",NA,NA
"ASV394","Bacteria","Proteobacteria","Alphaproteobacteria","Sphingomonadales","Sphingomonadaceae","Porphyrobacter",NA,NA
"ASV396","Bacteria","Actinobacteria","Acidimicrobiia","Microtrichales","Ilumatobacteraceae","Ilumatobacter",NA,NA
"ASV398","Bacteria","Bacteroidetes","Bacteroidia","Flavobacteriales","Crocinitomicaceae","Fluviicola",NA,NA
"ASV400","Bacteria","Bacteroidetes","Bacteroidia","Flavobacteriales","NS9_marine_group","uncultured_bacterium",NA,NA
"ASV403","Bacteria","Bacteroidetes","Bacteroidia","Flavobacteriales","Flavobacteriaceae","Aquimarina",NA,NA
"ASV406","Bacteria","Bacteroidetes","Bacteroidia","Flavobacteriales","Flavobacteriaceae","Robiginitalea",NA,NA
"ASV410","Bacteria","Bacteroidetes","Bacteroidia","Chitinophagales","Saprospiraceae","Portibacter",NA,NA
"ASV411","Bacteria","Proteobacteria","Gammaproteobacteria","SAR86_clade","uncultured_gamma_proteobacterium","uncultured_gamma_proteobacterium",NA,NA
"ASV413","Bacteria","Bacteroidetes","Bacteroidia","Flavobacteriales","Flavobacteriaceae","Nonlabens",NA,NA
"ASV417","Bacteria","Proteobacteria","Alphaproteobacteria","Rhizobiales","Rhizobiaceae","Mycoplana",NA,NA
"ASV418","Bacteria","Deinococcus-Thermus","Deinococci","Deinococcales","Trueperaceae","Truepera",NA,NA
"ASV419","Bacteria","Proteobacteria","Alphaproteobacteria","Rhodobacterales","Rhodobacteraceae","Albimonas",NA,NA
"ASV420","Bacteria","Proteobacteria","Alphaproteobacteria","Thalassobaculales","Nisaeaceae","Nisaea",NA,NA
"ASV422","Bacteria","Bacteroidetes","Bacteroidia","Flavobacteriales","Flavobacteriaceae","Zeaxanthinibacter",NA,NA
"ASV428","Bacteria","Proteobacteria","Deltaproteobacteria","Bdellovibrionales","Bdellovibrionaceae","OM27_clade",NA,NA
"ASV429","Bacteria","Proteobacteria","Alphaproteobacteria","Rhodobacterales","Rhodobacteraceae","Celeribacter",NA,NA
"ASV438","Bacteria","Proteobacteria","Alphaproteobacteria","Rhodobacterales","Rhodobacteraceae","Litoreibacter",NA,NA
"ASV448","Bacteria","Patescibacteria","Gracilibacteria","JGI_0000069-P22","uncultured_bacterium","uncultured_bacterium",NA,NA
"ASV453","Bacteria","Proteobacteria","Gammaproteobacteria","Cellvibrionales","Spongiibacteraceae","uncultured",NA,NA
"ASV457","Bacteria","Epsilonbacteraeota","Campylobacteria","Campylobacterales","Arcobacteraceae","Arcobacter",NA,NA
"ASV462","Bacteria","Proteobacteria","Gammaproteobacteria","Cellvibrionales","Spongiibacteraceae","uncultured_bacterium",NA,NA
"ASV466","Bacteria","Proteobacteria","Alphaproteobacteria","Rhodobacterales","Rhodobacteraceae","Ketogulonicigenium",NA,NA
"ASV468","Bacteria","Bacteroidetes","Bacteroidia","Flavobacteriales","Crocinitomicaceae","Brumimicrobium",NA,NA
"ASV472","Bacteria","Proteobacteria","Alphaproteobacteria","Rhizobiales","Rhizobiaceae","uncultured",NA,NA
"ASV475","Bacteria","Proteobacteria","Alphaproteobacteria","Rhizobiales","Rhizobiaceae","Hoeflea",NA,NA
"ASV480","Bacteria","Planctomycetes","Planctomycetacia","Planctomycetales","Gimesiaceae","uncultured",NA,NA
"ASV481","Bacteria","Firmicutes","Clostridia","Clostridiales","Family_XII","Fusibacter",NA,NA
"ASV485","Bacteria","Proteobacteria","Alphaproteobacteria","Rhodobacterales","Rhodobacteraceae","Ascidiaceihabitans",NA,NA
"ASV487","Bacteria","Bacteroidetes","Bacteroidia","Flavobacteriales","Flavobacteriaceae","Lutibacter",NA,NA
"ASV491","Bacteria","Proteobacteria","Gammaproteobacteria","Alteromonadales","Psychromonadaceae","Agarivorans",NA,NA
"ASV503","Bacteria","Proteobacteria","Alphaproteobacteria","Sphingomonadales","Sphingomonadaceae","Sphingobium",NA,NA
"ASV504","Bacteria","Bacteroidetes","Bacteroidia","Cytophagales","Cyclobacteriaceae","Fulvivirga",NA,NA
"ASV505","Bacteria","Bacteroidetes","Bacteroidia","Flavobacteriales","Flavobacteriaceae","Olleya",NA,NA
"ASV506","Bacteria","Proteobacteria","Gammaproteobacteria","uncultured","uncultured_bacterium","uncultured_bacterium",NA,NA
"ASV514","Bacteria","Actinobacteria","Actinobacteria","PeM15","uncultured_Actinomycetales_bacterium","uncultured_Actinomycetales_bacterium",NA,NA
"ASV515","Bacteria","Proteobacteria","Gammaproteobacteria","Oceanospirillales","Saccharospirillaceae","Reinekea",NA,NA
"ASV516","Bacteria","Proteobacteria","Deltaproteobacteria","Desulfobacterales","Desulfobulbaceae","Desulforhopalus",NA,NA
"ASV527","Bacteria","Proteobacteria","Alphaproteobacteria","Rhodobacterales","Rhodobacteraceae","Jannaschia",NA,NA
"ASV528","Bacteria","Bacteroidetes","Bacteroidia","Chitinophagales","Saprospiraceae","Aureispira",NA,NA
"ASV530","Bacteria","Actinobacteria","Acidimicrobiia","Actinomarinales","Actinomarinaceae","Candidatus_Actinomarina",NA,NA
"ASV531","Bacteria","Proteobacteria","Alphaproteobacteria","Parvibaculales","PS1_clade","uncultured_bacterium",NA,NA
"ASV533","Bacteria","Proteobacteria","Deltaproteobacteria","Bradymonadales","uncultured_delta_proteobacterium","uncultured_delta_proteobacterium",NA,NA
"ASV534","Bacteria","Proteobacteria","Gammaproteobacteria","Francisellales","Francisellaceae","Francisella",NA,NA
"ASV539","Bacteria","Bacteroidetes","Bacteroidia","Flavobacteriales","Flavobacteriaceae","Arenibacter",NA,NA
"ASV564","Bacteria","Acidobacteria","Thermoanaerobaculia","Thermoanaerobaculales","Thermoanaerobaculaceae","Subgroup_10",NA,NA
"ASV567","Bacteria","Proteobacteria","Alphaproteobacteria","Caulobacterales","Hyphomonadaceae","Ponticaulis",NA,NA
"ASV571","Bacteria","Proteobacteria","Gammaproteobacteria","Betaproteobacteriales","Methylophilaceae","OM43_clade",NA,NA
"ASV578","Bacteria","Proteobacteria","Deltaproteobacteria","Bdellovibrionales","Bacteriovoracaceae","Peredibacter",NA,NA
"ASV583","Bacteria","Proteobacteria","Alphaproteobacteria","Micavibrionales","uncultured","uncultured_bacterium",NA,NA
"ASV584","Bacteria","Bacteroidetes","Bacteroidia","Bacteroidales","Marinifilaceae","Marinifilum",NA,NA
"ASV585","Bacteria","Proteobacteria","Gammaproteobacteria","OM182_clade","marine_gamma_proteobacterium_HTCC2180","marine_gamma_proteobacterium_HTCC2180",NA,NA
"ASV587","Bacteria","Firmicutes","Clostridia","Clostridiales","Defluviitaleaceae","Defluviitaleaceae_UCG-011",NA,NA
"ASV590","Bacteria","Proteobacteria","Alphaproteobacteria","Micavibrionales","Micavibrionaceae","uncultured",NA,NA
"ASV605","Bacteria","Proteobacteria","Gammaproteobacteria","Alteromonadales","Shewanellaceae","Shewanella",NA,NA
"ASV610","Bacteria","Planctomycetes","Planctomycetacia","Pirellulales","Pirellulaceae","Rhodopirellula",NA,NA
"ASV613","Bacteria","Proteobacteria","Gammaproteobacteria","Oceanospirillales","Nitrincolaceae","Neptuniibacter",NA,NA
"ASV615","Bacteria","Proteobacteria","Gammaproteobacteria","Milano-WF1B-44","uncultured_bacterium","uncultured_bacterium",NA,NA
"ASV619","Bacteria","Dependentiae","Babeliae","Babeliales","uncultured_bacterium","uncultured_bacterium",NA,NA
"ASV621","Bacteria","Proteobacteria","Gammaproteobacteria","Oceanospirillales","Halomonadaceae","Oceanospirillum",NA,NA
"ASV637","Bacteria","Proteobacteria","Deltaproteobacteria","Oligoflexales","Oligoflexaceae","uncultured",NA,NA
"ASV645","Bacteria","Proteobacteria","Alphaproteobacteria","Rickettsiales","Midichloriaceae","MD3-55",NA,NA
"ASV647","Bacteria","Bacteroidetes","Bacteroidia","Cytophagales","Cyclobacteriaceae","Ekhidna",NA,NA
"ASV662","Bacteria","Proteobacteria","Gammaproteobacteria","B2M28","uncultured_bacterium","uncultured_bacterium",NA,NA
"ASV664","Bacteria","Proteobacteria","Gammaproteobacteria","Chromatiales","Chromatiaceae","Candidatus_Thiobios",NA,NA
"ASV665","Bacteria","Proteobacteria","Gammaproteobacteria","Cellvibrionales","Halieaceae","Luminiphilus",NA,NA
"ASV675","Bacteria","Proteobacteria","Gammaproteobacteria","Oceanospirillales","Nitrincolaceae","Amphritea",NA,NA
"ASV676","Bacteria","Proteobacteria","Deltaproteobacteria","Myxococcales","Sandaracinaceae","uncultured",NA,NA
"ASV683","Bacteria","Bacteroidetes","Bacteroidia","Cytophagales","Cyclobacteriaceae","Fabibacter",NA,NA
"ASV688","Bacteria","Proteobacteria","Alphaproteobacteria","Caulobacterales","Hyphomonadaceae","Robiginitomaculum",NA,NA
"ASV705","Bacteria","Verrucomicrobia","Verrucomicrobiae","Verrucomicrobiales","Rubritaleaceae","Luteolibacter",NA,NA
"ASV718","Bacteria","Proteobacteria","Alphaproteobacteria","Rhizobiales","Rhizobiaceae","Allorhizobium-Neorhizobium-Pararhizobium-Rhizobium",NA,NA
"ASV729","Bacteria","Patescibacteria","Gracilibacteria","Absconditabacteriales_(SR1)","uncultured_bacterium","uncultured_bacterium",NA,NA
"ASV730","Bacteria","Bacteroidetes","Bacteroidia","Flavobacteriales","Flavobacteriaceae","Croceitalea",NA,NA
"ASV731","Bacteria","Patescibacteria","Gracilibacteria","uncultured_bacterium","uncultured_bacterium","uncultured_bacterium",NA,NA
"ASV737","Bacteria","Verrucomicrobia","Verrucomicrobiae","Verrucomicrobiales","Rubritaleaceae","Rubritalea",NA,NA
"ASV739","Bacteria","Epsilonbacteraeota","Campylobacteria","Campylobacterales","Thiovulaceae","Sulfurimonas",NA,NA
"ASV743","Bacteria","Bacteroidetes","Bacteroidia","Flavobacteriales","Flavobacteriaceae","NS2b_marine_group",NA,NA
"ASV745","Bacteria","Proteobacteria","Alphaproteobacteria","Sneathiellales","Sneathiellaceae","Sneathiella",NA,NA
"ASV748","Bacteria","Proteobacteria","Gammaproteobacteria","Pseudomonadales","Moraxellaceae","Alkanindiges",NA,NA
"ASV752","Bacteria","Proteobacteria","Alphaproteobacteria","Rhodobacterales","Rhodobacteraceae","Pseudorhodobacter",NA,NA
"ASV753","Bacteria","Proteobacteria","Deltaproteobacteria","Desulfobacterales","Desulfobulbaceae","SEEP-SRB4",NA,NA
"ASV756","Bacteria","Planctomycetes","Planctomycetacia","Pirellulales","Pirellulaceae","Pirellula",NA,NA
"ASV757","Bacteria","Bacteroidetes","Bacteroidia","Flavobacteriales","Flavobacteriaceae","Arcticiflavibacter",NA,NA
"ASV769","Bacteria","Proteobacteria","Alphaproteobacteria","Rhizobiales","Rhizobiales_Incertae_Sedis","Anderseniella",NA,NA
"ASV783","Bacteria","Proteobacteria","Alphaproteobacteria","Rhodobacterales","Rhodobacteraceae","Roseovarius",NA,NA
"ASV804","Bacteria","Bacteroidetes","Bacteroidia","Flavobacteriales","Schleiferiaceae","Schleiferia",NA,NA
"ASV811","Bacteria","Planctomycetes","Planctomycetacia","Pirellulales","Pirellulaceae","Rubripirellula",NA,NA
"ASV812","Bacteria","Proteobacteria","Alphaproteobacteria","Kordiimonadales","uncultured","uncultured_alpha_proteobacterium",NA,NA
"ASV816","Bacteria","Proteobacteria","Alphaproteobacteria","Rhodobacterales","Rhodobacteraceae","Halocynthiibacter",NA,NA
"ASV826","Bacteria","Proteobacteria","Gammaproteobacteria","Thiomicrospirales","Thioglobaceae","SUP05_cluster",NA,NA
"ASV831","Bacteria","Proteobacteria","Gammaproteobacteria","Arenicellales","Arenicellaceae","Perspicuibacter",NA,NA
"ASV833","Bacteria","Proteobacteria","Alphaproteobacteria","Caulobacterales","Parvularculaceae","Parvularcula",NA,NA
"ASV838","Bacteria","Bacteroidetes","Bacteroidia","Flavobacteriales","Flavobacteriaceae","Pibocella",NA,NA
"ASV840","Bacteria","Proteobacteria","Alphaproteobacteria","uncultured","uncultured_bacterium","uncultured_bacterium",NA,NA
"ASV845","Bacteria","Bacteroidetes","Bacteroidia","Cytophagales","Cyclobacteriaceae","Algoriphagus",NA,NA
"ASV849","Bacteria","Proteobacteria","Alphaproteobacteria","Rhodobacterales","Rhodobacteraceae","Roseobacter_clade_NAC11-7_lineage",NA,NA
"ASV853","Bacteria","Bacteroidetes","Bacteroidia","Flavobacteriales","Flavobacteriaceae","Zobellia",NA,NA
"ASV855","Bacteria","Proteobacteria","Gammaproteobacteria","Oceanospirillales","Alcanivoracaceae","Alcanivorax",NA,NA
"ASV863","Bacteria","Proteobacteria","Gammaproteobacteria","Cellvibrionales","Spongiibacteraceae","Spongiibacter",NA,NA
"ASV866","Bacteria","Planctomycetes","Planctomycetacia","Pirellulales","Pirellulaceae","Pir4_lineage",NA,NA
"ASV868","Bacteria","Actinobacteria","Thermoleophilia","Solirubrobacterales","67-14","uncultured_bacterium",NA,NA
"ASV871","Bacteria","Fusobacteria","Fusobacteriia","Fusobacteriales","Leptotrichiaceae","Leptotrichia",NA,NA
"ASV898","Bacteria","Epsilonbacteraeota","Campylobacteria","Campylobacterales","Sulfurospirillaceae","Sulfurospirillum",NA,NA
"ASV904","Bacteria","Proteobacteria","Alphaproteobacteria","Rhodobacterales","Rhodobacteraceae","Roseobacter_clade_CHAB-I-5_lineage",NA,NA
"ASV915","Bacteria","Proteobacteria","Gammaproteobacteria","Betaproteobacteriales","Burkholderiaceae","Kerstersia",NA,NA
"ASV921","Bacteria","Proteobacteria","Gammaproteobacteria","Methylococcales","Methylomonaceae","Methyloprofundus",NA,NA
"ASV926","Bacteria","Planctomycetes","Phycisphaerae","Phycisphaerales","Phycisphaeraceae","CL500-3",NA,NA
"ASV928","Bacteria","Bacteroidetes","Bacteroidia","Flavobacteriales","Crocinitomicaceae","Crocinitomix",NA,NA
"ASV930","Bacteria","Proteobacteria","Alphaproteobacteria","Rhodobacterales","Rhodobacteraceae","Ruegeria",NA,NA
"ASV933","Bacteria","Bacteroidetes","Bacteroidia","Flavobacteriales","Flavobacteriaceae","Flavirhabdus",NA,NA
"ASV936","Bacteria","Proteobacteria","Gammaproteobacteria","Thiomicrospirales","Thiomicrospiraceae","endosymbionts",NA,NA
"ASV939","Bacteria","Proteobacteria","Gammaproteobacteria","Vibrionales","Vibrionaceae","Photobacterium",NA,NA
"ASV941","Bacteria","Bacteroidetes","Bacteroidia","Cytophagales","Spirosomaceae","Dyadobacter",NA,NA
"ASV942","Bacteria","Proteobacteria","Alphaproteobacteria","Rhodospirillales","Terasakiellaceae","Aestuariispira",NA,NA
"ASV950","Bacteria","Proteobacteria","Gammaproteobacteria","KI89A_clade","uncultured_bacterium","uncultured_bacterium",NA,NA
"ASV953","Bacteria","Proteobacteria","Alphaproteobacteria","Rhizobiales","Rhizobiaceae","Martelella",NA,NA
"ASV961","Bacteria","Proteobacteria","Gammaproteobacteria","Oceanospirillales","Pseudohongiellaceae","Pseudohongiella",NA,NA
"ASV967","Bacteria","Verrucomicrobia","Verrucomicrobiae","Verrucomicrobiales","Rubritaleaceae","Haloferula",NA,NA
"ASV968","Bacteria","Proteobacteria","Alphaproteobacteria","Puniceispirillales","SAR116_clade","uncultured_alpha_proteobacterium",NA,NA
"ASV980","Bacteria","Firmicutes","Bacilli","Bacillales","Staphylococcaceae","Staphylococcus",NA,NA
"ASV986","Bacteria","Cyanobacteria","Oxyphotobacteria","Phormidesmiales","Phormidesmiaceae","Phormidesmis_ANT.LACV5.1",NA,NA
"ASV987","Bacteria","Bacteroidetes","Bacteroidia","Cytophagales","Cyclobacteriaceae","Reichenbachiella",NA,NA
"ASV1020","Bacteria","Bacteroidetes","Bacteroidia","Flavobacteriales","Cryomorphaceae","Cryomorpha",NA,NA
"ASV1021","Bacteria","Patescibacteria","Gracilibacteria","Candidatus_Abawacabacteria","uncultured_Microgenomates_group_bacterium","uncultured_Microgenomates_group_bacterium",NA,NA
"ASV1039","Bacteria","Bacteroidetes","Bacteroidia","Flavobacteriales","Flavobacteriaceae","Algitalea",NA,NA
"ASV1046","Bacteria","Proteobacteria","Deltaproteobacteria","Desulfuromonadales","Geobacteraceae","Geoalkalibacter",NA,NA
"ASV1050","Bacteria","Proteobacteria","Gammaproteobacteria","Chromatiales","Chromatiaceae","Halochromatium",NA,NA
"ASV1051","Bacteria","Chloroflexi","Anaerolineae","Ardenticatenales","uncultured","uncultured_bacterium",NA,NA
"ASV1056","Bacteria","Proteobacteria","Gammaproteobacteria","Oceanospirillales","Nitrincolaceae","Marinobacterium",NA,NA
"ASV1059","Bacteria","Proteobacteria","Deltaproteobacteria","Desulfobacterales","Desulfobulbaceae","Desulfobulbus",NA,NA
"ASV1065","Bacteria","Bacteroidetes","Bacteroidia","Flavobacteriales","Crocinitomicaceae","uncultured",NA,NA
"ASV1075","Bacteria","Proteobacteria","Gammaproteobacteria","Gammaproteobacteria_Incertae_Sedis","Unknown_Family","Marinicella",NA,NA
"ASV1090","Bacteria","Proteobacteria","Gammaproteobacteria","Pseudomonadales","Moraxellaceae","Acinetobacter",NA,NA
"ASV1092","Bacteria","Proteobacteria","Deltaproteobacteria","Desulfobacterales","Desulfobacteraceae","Desulfosarcina",NA,NA
"ASV1094","Bacteria","Proteobacteria","Gammaproteobacteria","SAR86_clade","uncultured_bacterium","uncultured_bacterium",NA,NA
"ASV1098","Bacteria","Chlamydiae","Chlamydiae","Chlamydiales","Simkaniaceae","Candidatus_Fritschea",NA,NA
"ASV1120","Bacteria","Proteobacteria","Gammaproteobacteria","Thiotrichales","Thiotrichaceae","Thiothrix",NA,NA
"ASV1121","Bacteria","Bacteroidetes","Bacteroidia","Cytophagales","Cyclobacteriaceae","Marinoscillum",NA,NA
"ASV1125","Bacteria","Actinobacteria","Actinobacteria","PeM15","uncultured_soil_bacterium","uncultured_soil_bacterium",NA,NA
"ASV1144","Bacteria","Patescibacteria","Saccharimonadia","Saccharimonadales","uncultured_bacterium","uncultured_bacterium",NA,NA
"ASV1150","Bacteria","Proteobacteria","Gammaproteobacteria","Cellvibrionales","Cellvibrionaceae","Teredinibacter",NA,NA
"ASV1156","Bacteria","Proteobacteria","Alphaproteobacteria","Rickettsiales","uncultured","uncultured_bacterium",NA,NA
"ASV1184","Bacteria","Proteobacteria","Gammaproteobacteria","Gammaproteobacteria_Incertae_Sedis","Unknown_Family","uncultured",NA,NA
"ASV1186","Bacteria","Proteobacteria","Deltaproteobacteria","Bdellovibrionales","Bacteriovoracaceae","Bacteriovorax",NA,NA
"ASV1187","Bacteria","Proteobacteria","Gammaproteobacteria","UBA10353_marine_group","uncultured_marine_bacterium","uncultured_marine_bacterium",NA,NA
"ASV1195","Bacteria","Bacteroidetes","Bacteroidia","Bacteroidales","Bacteroidetes_BD2-2","uncultured_marine_bacterium",NA,NA
"ASV1212","Bacteria","Proteobacteria","Gammaproteobacteria","Thiomicrospirales","Thiomicrospiraceae","Thiomicrorhabdus",NA,NA
"ASV1215","Bacteria","Proteobacteria","Gammaproteobacteria","Cellvibrionales","Spongiibacteraceae","BD1-7_clade",NA,NA
"ASV1219","Bacteria","Proteobacteria","Alphaproteobacteria","Rhizobiales","Hyphomicrobiaceae","Hyphomicrobium",NA,NA
"ASV1237","Bacteria","Bacteroidetes","Bacteroidia","Flavobacteriales","Flavobacteriaceae","[Polaribacter]_huanghezhanensis",NA,NA
"ASV1243","Bacteria","Proteobacteria","Deltaproteobacteria","Desulfobacterales","Desulfobacteraceae","Sva0081_sediment_group",NA,NA
"ASV1249","Bacteria","Proteobacteria","Alphaproteobacteria","Sphingomonadales","Sphingomonadaceae","Erythrobacter",NA,NA
"ASV1252","Bacteria","Proteobacteria","Gammaproteobacteria","Cellvibrionales","Cellvibrionaceae","Candidatus_Endobugula",NA,NA
"ASV1253","Bacteria","Proteobacteria","Alphaproteobacteria","Puniceispirillales","uncultured","uncultured_bacterium",NA,NA
"ASV1257","Bacteria","Proteobacteria","Alphaproteobacteria","Rhodobacterales","Rhodobacteraceae","Roseobacter",NA,NA
"ASV1265","Bacteria","Kiritimatiellaeota","Kiritimatiellae","Kiritimatiellales","Kiritimatiellaceae","R76-B128",NA,NA
"ASV1266","Bacteria","Proteobacteria","Alphaproteobacteria","Caulobacterales","Hyphomonadaceae","Hyphomonas",NA,NA
"ASV1268","Bacteria","Acidobacteria","Blastocatellia_(Subgroup_4)","Blastocatellales","Blastocatellaceae","uncultured",NA,NA
"ASV1295","Bacteria","Bacteroidetes","Bacteroidia","Cytophagales","Cyclobacteriaceae","Cyclobacterium",NA,NA
"ASV1299","Bacteria","Proteobacteria","Deltaproteobacteria","Desulfobacterales","Desulfobacteraceae","Desulfofrigus",NA,NA
"ASV1319","Bacteria","Proteobacteria","Gammaproteobacteria","NKB5","uncultured_gamma_proteobacterium","uncultured_gamma_proteobacterium",NA,NA
"ASV1332","Bacteria","Planctomycetes","OM190","unidentified_planctomycete","unidentified_planctomycete","unidentified_planctomycete",NA,NA
"ASV1338","Bacteria","Bacteroidetes","Bacteroidia","Flavobacteriales","Flavobacteriaceae","Aequorivita",NA,NA
"ASV1340","Bacteria","Proteobacteria","Gammaproteobacteria","Betaproteobacteriales","Burkholderiaceae","Burkholderia-Caballeronia-Paraburkholderia",NA,NA
"ASV1342","Bacteria","Proteobacteria","Alphaproteobacteria","Rhizobiales","Devosiaceae","uncultured",NA,NA
"ASV1369","Bacteria","Proteobacteria","Alphaproteobacteria","Rhizobiales","Rhizobiaceae","Cohaesibacter",NA,NA
"ASV1375","Bacteria","Actinobacteria","Actinobacteria","Corynebacteriales","Corynebacteriaceae","Corynebacterium_1",NA,NA
"ASV1391","Bacteria","Bacteroidetes","Bacteroidia","Flavobacteriales","Cryomorphaceae","Owenweeksia",NA,NA
"ASV1396","Bacteria","Bacteroidetes","Bacteroidia","Bacteroidales","Bacteroidetes_BD2-2","uncultured_bacterium",NA,NA
"ASV1398","Bacteria","Firmicutes","Bacilli","Bacillales","Bacillaceae","Oceanobacillus",NA,NA
"ASV1404","Bacteria","Bacteroidetes","Rhodothermia","Rhodothermales","Rhodothermaceae","uncultured",NA,NA
"ASV1405","Bacteria","Proteobacteria","Alphaproteobacteria","Sphingomonadales","Sphingomonadaceae","Novosphingobium",NA,NA
"ASV1407","Bacteria","Bacteroidetes","Rhodothermia","Balneolales","Balneolaceae","Gracilimonas",NA,NA
"ASV1414","Bacteria","Proteobacteria","Gammaproteobacteria","B2M28","uncultured_marine_bacterium","uncultured_marine_bacterium",NA,NA
"ASV1420","Bacteria","Bacteroidetes","Bacteroidia","Flavobacteriales","NS7_marine_group","uncultured_bacterium",NA,NA
"ASV1429","Bacteria","Proteobacteria","Gammaproteobacteria","Cellvibrionales","Spongiibacteraceae","Dasania",NA,NA
"ASV1454","Bacteria","Bacteroidetes","Bacteroidia","Flavobacteriales","Cryomorphaceae","NS10_marine_group",NA,NA
"ASV1473","Bacteria","Proteobacteria","Gammaproteobacteria","Alteromonadales","Pseudoalteromonadaceae","uncultured",NA,NA
"ASV1480","Bacteria","Chloroflexi","Anaerolineae","Caldilineales","Caldilineaceae","uncultured",NA,NA
"ASV1483","Bacteria","Bacteroidetes","Bacteroidia","Chitinophagales","Saprospiraceae","Saprospira",NA,NA
"ASV1485","Bacteria","Verrucomicrobia","Verrucomicrobiae","Opitutales","Puniceicoccaceae","Pelagicoccus",NA,NA
"ASV1491","Bacteria","Proteobacteria","Alphaproteobacteria","SAR11_clade","Clade_I","Clade_Ia",NA,NA
"ASV1495","Bacteria","Proteobacteria","Gammaproteobacteria","Chromatiales","Sedimenticolaceae","uncultured",NA,NA
"ASV1496","Bacteria","Chloroflexi","KD4-96","uncultured_bacterium","uncultured_bacterium","uncultured_bacterium",NA,NA
"ASV1536","Bacteria","Firmicutes","Clostridia","Clostridiales","Lachnospiraceae","uncultured",NA,NA
"ASV1540","Bacteria","Proteobacteria","Gammaproteobacteria","Oceanospirillales","Halomonadaceae","Cobetia",NA,NA
"ASV1542","Bacteria","Verrucomicrobia","Verrucomicrobiae","Opitutales","Opitutaceae","Diplosphaera",NA,NA
"ASV1546","Bacteria","Patescibacteria","Parcubacteria","Candidatus_Campbellbacteria","uncultured_bacterium","uncultured_bacterium",NA,NA
"ASV1552","Bacteria","Planctomycetes","Planctomycetacia","Planctomycetales","Rubinisphaeraceae","Planctomicrobium",NA,NA
"ASV1563","Bacteria","Proteobacteria","Gammaproteobacteria","Betaproteobacteriales","Burkholderiaceae","RS62_marine_group",NA,NA
"ASV1572","Bacteria","Bacteroidetes","Bacteroidia","Flavobacteriales","Flavobacteriaceae","Wenyingzhuangia",NA,NA
"ASV1574","Bacteria","Bacteroidetes","Bacteroidia","Bacteroidales","Marinilabiliaceae","Labilibacter",NA,NA
"ASV1575","Bacteria","Proteobacteria","Deltaproteobacteria","Desulfuromonadales","Desulfuromonadaceae","Pelobacter",NA,NA
"ASV1578","Bacteria","Proteobacteria","Alphaproteobacteria","SAR11_clade","Clade_II","uncultured_bacterium",NA,NA
"ASV1586","Bacteria","Bacteroidetes","Bacteroidia","Bacteroidales","SB-5","uncultured_sediment_bacterium",NA,NA
"ASV1590","Bacteria","Proteobacteria","Alphaproteobacteria","Rhodobacterales","Rhodobacteraceae","Puniceibacterium",NA,NA
"ASV1599","Bacteria","Proteobacteria","Alphaproteobacteria","Rhizobiales","Stappiaceae","Stappia",NA,NA
"ASV1607","Bacteria","Proteobacteria","Alphaproteobacteria","Rhizobiales","Rhizobiaceae","Aurantimonas",NA,NA
"ASV1621","Bacteria","Actinobacteria","Actinobacteria","Micrococcales","Bogoriellaceae","Georgenia",NA,NA
"ASV1658","Bacteria","Bacteroidetes","Bacteroidia","Flavobacteriales","NS7_marine_group","uncultured_Flavobacteriia_bacterium",NA,NA
"ASV1663","Bacteria","Proteobacteria","Gammaproteobacteria","Cellvibrionales","Cellvibrionaceae","Marinagarivorans",NA,NA
"ASV1668","Bacteria","Verrucomicrobia","Verrucomicrobiae","Opitutales","Puniceicoccaceae","Puniceicoccus",NA,NA
"ASV1680","Bacteria","Planctomycetes","Phycisphaerae","Phycisphaerales","Phycisphaeraceae","uncultured_planctomycete",NA,NA
"ASV1682","Bacteria","Proteobacteria","Alphaproteobacteria","Rhizobiales","Rhizobiales_Incertae_Sedis","uncultured",NA,NA
"ASV1720","Bacteria","Proteobacteria","Alphaproteobacteria","Rhizobiales","Stappiaceae","Labrenzia",NA,NA
"ASV1729","Bacteria","Proteobacteria","Gammaproteobacteria","Chromatiales","Chromatiaceae","Lamprocystis",NA,NA
"ASV1740","Bacteria","Proteobacteria","Gammaproteobacteria","Tenderiales","Tenderiaceae","Candidatus_Tenderia",NA,NA
"ASV1755","Bacteria","Proteobacteria","Alphaproteobacteria","Rhizobiales","Devosiaceae","Devosia",NA,NA
"ASV1768","Bacteria","Proteobacteria","Alphaproteobacteria","Rhodospirillales","Rhodopirillaceae","Defluviicoccus",NA,NA
"ASV1769","Bacteria","Proteobacteria","Alphaproteobacteria","Rhodobacterales","Rhodobacteraceae","Jindonia",NA,NA
"ASV1774","Bacteria","Proteobacteria","Alphaproteobacteria","Puniceispirillales","SAR116_clade","uncultured_marine_bacterium",NA,NA
"ASV1782","Bacteria","Proteobacteria","Gammaproteobacteria","Steroidobacterales","Woeseiaceae","Woeseia",NA,NA
"ASV1800","Bacteria","Proteobacteria","Deltaproteobacteria","Bradymonadales","uncultured_bacterium","uncultured_bacterium",NA,NA
"ASV1806","Bacteria","Bacteroidetes","Bacteroidia","Flavobacteriales","Flavobacteriaceae","Muricauda",NA,NA
"ASV1808","Bacteria","Bacteroidetes","Bacteroidia","Bacteroidales","Prolixibacteraceae","Draconibacterium",NA,NA
"ASV1813","Bacteria","Proteobacteria","Alphaproteobacteria","Rickettsiales","SM2D12","uncultured_bacterium",NA,NA
"ASV1818","Bacteria","Bacteroidetes","Bacteroidia","Bacteroidetes_VC2.1_Bac22","uncultured_bacterium","uncultured_bacterium",NA,NA
"ASV1830","Bacteria","Bacteroidetes","Ignavibacteria","Ignavibacteriales","Ignavibacteriaceae","Ignavibacterium",NA,NA
"ASV1837","Bacteria","Proteobacteria","Gammaproteobacteria","Oceanospirillales","Kangiellaceae","Aliikangiella",NA,NA
"ASV1845","Bacteria","Proteobacteria","Gammaproteobacteria","Pasteurellales","Pasteurellaceae","uncultured",NA,NA
"ASV1849","Bacteria","Proteobacteria","Gammaproteobacteria","OM182_clade","uncultured_bacterium","uncultured_bacterium",NA,NA
"ASV1856","Bacteria","Proteobacteria","Alphaproteobacteria","Caulobacterales","Hyphomonadaceae","Algimonas",NA,NA
"ASV1858","Bacteria","Firmicutes","Negativicutes","Selenomonadales","Veillonellaceae","Veillonella",NA,NA
"ASV1862","Bacteria","Proteobacteria","Deltaproteobacteria","Desulfobacterales","Desulfobacteraceae","Desulfobacter",NA,NA
"ASV1869","Bacteria","Proteobacteria","Deltaproteobacteria","Bdellovibrionales","Bacteriovoracaceae","Halobacteriovorax",NA,NA
"ASV1883","Bacteria","Bacteroidetes","Bacteroidia","Chitinophagales","Chitinophagaceae","uncultured",NA,NA
"ASV1889","Bacteria","Verrucomicrobia","Verrucomicrobiae","Opitutales","Puniceicoccaceae","Lentimonas",NA,NA
"ASV1893","Bacteria","Proteobacteria","Gammaproteobacteria","Betaproteobacteriales","Burkholderiaceae","Polynucleobacter",NA,NA
"ASV1902","Bacteria","Proteobacteria","Gammaproteobacteria","Enterobacteriales","Enterobacteriaceae","Serratia",NA,NA
"ASV1905","Bacteria","Proteobacteria","Gammaproteobacteria","Nitrosococcales","Methylophagaceae","Methylophaga",NA,NA
"ASV1908","Bacteria","Actinobacteria","Actinobacteria","Micrococcales","Microbacteriaceae","Herbiconiux",NA,NA
"ASV1911","Bacteria","Cyanobacteria","Oxyphotobacteria","Phormidesmiales","Phormidesmiaceae","Acrophormium_PCC-7375",NA,NA
"ASV1921","Bacteria","Proteobacteria","Gammaproteobacteria","Betaproteobacteriales","Hydrogenophilaceae","Hydrogenophilus",NA,NA
"ASV1934","Bacteria","Bacteroidetes","Bacteroidia","Cytophagales","Hymenobacteraceae","Adhaeribacter",NA,NA
"ASV1938","Bacteria","Proteobacteria","Gammaproteobacteria","Betaproteobacteriales","Neisseriaceae","uncultured",NA,NA
"ASV1940","Bacteria","Firmicutes","Bacilli","Bacillales","Bacillaceae","Bacillus",NA,NA
"ASV1950","Bacteria","Planctomycetes","Phycisphaerae","Phycisphaerales","Phycisphaeraceae","SM1A02",NA,NA
"ASV1957","Bacteria","Proteobacteria","Gammaproteobacteria","Thiotrichales","Thiotrichaceae","uncultured",NA,NA
"ASV1960","Bacteria","Spirochaetes","Spirochaetia","Spirochaetales","Spirochaetaceae","Spirochaeta_2",NA,NA
"ASV1961","Bacteria","Proteobacteria","Deltaproteobacteria","Myxococcales","Nannocystaceae","Nannocystis",NA,NA
"ASV1975","Bacteria","Actinobacteria","Acidimicrobiia","Actinomarinales","uncultured","uncultured_actinobacterium",NA,NA
"ASV1977","Bacteria","Proteobacteria","Alphaproteobacteria","Rhodospirillales","Magnetospiraceae","uncultured",NA,NA
"ASV1984","Bacteria","Bacteroidetes","Bacteroidia","Cytophagales","Amoebophilaceae","uncultured",NA,NA
"ASV2017","Bacteria","Bacteroidetes","Bacteroidia","Cytophagales","Cyclobacteriaceae","uncultured",NA,NA
"ASV2035","Bacteria","Proteobacteria","Deltaproteobacteria","Desulfobacterales","Desulfobacteraceae","Desulfococcus",NA,NA
"ASV2080","Bacteria","Proteobacteria","Gammaproteobacteria","Alteromonadales","Alteromonadaceae","Rheinheimera",NA,NA
"ASV2097","Bacteria","Proteobacteria","Deltaproteobacteria","PB19","uncultured_delta_proteobacterium","uncultured_delta_proteobacterium",NA,NA
"ASV2135","Bacteria","Proteobacteria","Alphaproteobacteria","Parvibaculales","OCS116_clade","uncultured_marine_bacterium",NA,NA
"ASV2138","Bacteria","Proteobacteria","Gammaproteobacteria","Cellvibrionales","Halieaceae","Haliea",NA,NA
"ASV2156","Bacteria","Proteobacteria","Alphaproteobacteria","Rhizobiales","Xanthobacteraceae","Pseudorhodoplanes",NA,NA
"ASV2161","Bacteria","Fusobacteria","Fusobacteriia","Fusobacteriales","Fusobacteriaceae","Cetobacterium",NA,NA
"ASV2165","Bacteria","Epsilonbacteraeota","Campylobacteria","Campylobacterales","Rs-M59_termite_group","uncultured_bacterium",NA,NA
"ASV2172","Bacteria","Bacteroidetes","Bacteroidia","Flavobacteriales","Flavobacteriaceae","Marixanthomonas",NA,NA
"ASV2175","Bacteria","Proteobacteria","Gammaproteobacteria","Alteromonadales","Alteromonadaceae","Agaribacter",NA,NA
"ASV2184","Bacteria","Proteobacteria","Gammaproteobacteria","Legionellales","Legionellaceae","Legionella",NA,NA
"ASV2211","Bacteria","Bacteroidetes","Bacteroidia","Bacteroidales","Bacteroidetes_BD2-2","uncultured_sediment_bacterium",NA,NA
"ASV2222","Bacteria","Proteobacteria","Deltaproteobacteria","Oligoflexales","0319-6G20","uncultured_bacterium",NA,NA
"ASV2223","Bacteria","Bacteroidetes","Bacteroidia","Bacteroidales","Dysgonomonadaceae","Proteiniphilum",NA,NA
"ASV2238","Bacteria","Bacteroidetes","Ignavibacteria","Ignavibacteriales","Melioribacteraceae","IheB3-7",NA,NA
"ASV2243","Bacteria","Bacteroidetes","Bacteroidia","Flavobacteriales","Flavobacteriaceae","Leeuwenhoekiella",NA,NA
"ASV2245","Bacteria","Acidobacteria","Thermoanaerobaculia","Thermoanaerobaculales","Thermoanaerobaculaceae","Subgroup_23",NA,NA
"ASV2266","Bacteria","Proteobacteria","Alphaproteobacteria","Rhizobiales","Rhizobiaceae","Aquamicrobium",NA,NA
"ASV2275","Bacteria","Chlamydiae","Chlamydiae","Chlamydiales","Parachlamydiaceae","Candidatus_Metachlamydia",NA,NA
"ASV2283","Bacteria","Proteobacteria","Alphaproteobacteria","NRL2","Lutibaculum_sp.","Lutibaculum_sp.",NA,NA
"ASV2299","Bacteria","Firmicutes","Bacilli","Lactobacillales","Streptococcaceae","Streptococcus",NA,NA
"ASV2311","Bacteria","Proteobacteria","Deltaproteobacteria","NB1-j","uncultured_delta_proteobacterium","uncultured_delta_proteobacterium",NA,NA
"ASV2326","Bacteria","Bacteroidetes","Bacteroidia","Chitinophagales","uncultured","uncultured_bacterium",NA,NA
"ASV2328","Bacteria","Planctomycetes","OM190","uncultured_bacterium","uncultured_bacterium","uncultured_bacterium",NA,NA
"ASV2330","Bacteria","Proteobacteria","Gammaproteobacteria","EC3","uncultured_bacterium","uncultured_bacterium",NA,NA
"ASV2371","Bacteria","Proteobacteria","Deltaproteobacteria","Oligoflexales","Oligoflexaceae","Silvanigrella",NA,NA
"ASV2378","Bacteria","Bacteroidetes","Rhodothermia","Rhodothermales","Rhodothermaceae","Rubrivirga",NA,NA
"ASV2388","Bacteria","Cyanobacteria","Sericytochromatia","uncultured_soil_bacterium","uncultured_soil_bacterium","uncultured_soil_bacterium",NA,NA
"ASV2393","Bacteria","Bacteroidetes","Bacteroidia","Sphingobacteriales","Sphingobacteriaceae","Mucilaginibacter",NA,NA
"ASV2394","Bacteria","Proteobacteria","Alphaproteobacteria","Caulobacterales","Caulobacteraceae","Phenylobacterium",NA,NA
"ASV2430","Bacteria","Proteobacteria","Alphaproteobacteria","Rhizobiales","Hyphomicrobiaceae","Filomicrobium",NA,NA
"ASV2440","Bacteria","Proteobacteria","Gammaproteobacteria","Steroidobacterales","Steroidobacteraceae","uncultured",NA,NA
"ASV2442","Bacteria","Proteobacteria","Alphaproteobacteria","Rhodospirillales","Terasakiellaceae","uncultured",NA,NA
"ASV2451","Bacteria","Cyanobacteria","Oxyphotobacteria","uncultured","uncultured_cyanobacterium","uncultured_cyanobacterium",NA,NA
"ASV2453","Bacteria","Proteobacteria","Gammaproteobacteria","Oceanospirillales","Nitrincolaceae","Neptunomonas",NA,NA
"ASV2459","Bacteria","Planctomycetes","Planctomycetacia","Planctomycetales","Rubinisphaeraceae","SH-PL14",NA,NA
"ASV2480","Bacteria","Proteobacteria","Gammaproteobacteria","Pseudomonadales","Moraxellaceae","Enhydrobacter",NA,NA
"ASV2488","Bacteria","Proteobacteria","Alphaproteobacteria","Sphingomonadales","Sphingomonadaceae","Sphingopyxis",NA,NA
"ASV2495","Bacteria","Proteobacteria","Alphaproteobacteria","Rhizobiales","Devosiaceae","Maritalea",NA,NA
"ASV2501","Bacteria","Bacteroidetes","Bacteroidia","Flavobacteriales","NS9_marine_group","uncultured_Flavobacteriia_bacterium",NA,NA
"ASV2538","Bacteria","Verrucomicrobia","Verrucomicrobiae","Verrucomicrobiales","DEV007","uncultured_Verrucomicrobium_sp.",NA,NA
"ASV2550","Bacteria","Bacteroidetes","Bacteroidia","Bacteroidales","Bacteroidetes_BD2-2","uncultured_soil_bacterium",NA,NA
"ASV2557","Bacteria","Proteobacteria","Gammaproteobacteria","Arenicellales","Arenicellaceae","Candidatus_Thiosymbion",NA,NA
"ASV2574","Bacteria","Proteobacteria","Alphaproteobacteria","Rhizobiales","Methyloligellaceae","Methyloceanibacter",NA,NA
"ASV2579","Bacteria","Latescibacteria","uncultured_bacterium","uncultured_bacterium","uncultured_bacterium","uncultured_bacterium",NA,NA
"ASV2582","Bacteria","Planctomycetes","Planctomycetacia","Planctomycetales","Rubinisphaeraceae","Rubinisphaera",NA,NA
"ASV2584","Bacteria","Proteobacteria","Gammaproteobacteria","Xanthomonadales","Xanthomonadaceae","Stenotrophomonas",NA,NA
"ASV2591","Bacteria","Proteobacteria","Alphaproteobacteria","Rhizobiales","Beijerinckiaceae","Methylobacterium",NA,NA
"ASV2600","Bacteria","Proteobacteria","Alphaproteobacteria","Tistrellales","Geminicoccaceae","Candidatus_Alysiosphaera",NA,NA
"ASV2601","Bacteria","Acidobacteria","Holophagae","Acanthopleuribacterales","Acanthopleuribacteraceae","Acanthopleuribacter",NA,NA
"ASV2638","Bacteria","Bacteroidetes","Bacteroidia","Chitinophagales","Chitinophagaceae","Taibaiella",NA,NA
"ASV2646","Bacteria","Proteobacteria","Gammaproteobacteria","AT-s2-59","uncultured_sediment_bacterium","uncultured_sediment_bacterium",NA,NA
"ASV2651","Bacteria","Proteobacteria","Alphaproteobacteria","Rhodospirillales","uncultured","uncultured_bacterium",NA,NA
"ASV2667","Bacteria","Proteobacteria","Alphaproteobacteria","Rhodobacterales","Rhodobacteraceae","Paracoccus",NA,NA
"ASV2689","Bacteria","Proteobacteria","Deltaproteobacteria","PB19","uncultured_bacterium","uncultured_bacterium",NA,NA
"ASV2703","Bacteria","Cyanobacteria","Oxyphotobacteria","Nostocales","Microcystaceae","Atelocyanobacterium_(UCYN-A)",NA,NA
"ASV2730","Bacteria","Deferribacteres","Deferribacteres","Deferribacterales","Deferribacteraceae","uncultured",NA,NA
"ASV2734","Bacteria","Planctomycetes","OM190","uncultured_planctomycete","uncultured_planctomycete","uncultured_planctomycete",NA,NA
"ASV2736","Bacteria","Proteobacteria","Gammaproteobacteria","Enterobacteriales","Enterobacteriaceae","Pantoea",NA,NA
"ASV2737","Bacteria","Proteobacteria","Alphaproteobacteria","SAR11_clade","Clade_IV","uncultured_bacterium",NA,NA
"ASV2741","Bacteria","Proteobacteria","Alphaproteobacteria","Sphingomonadales","Sphingomonadaceae","Sphingomonas",NA,NA
"ASV2744","Bacteria","Proteobacteria","Alphaproteobacteria","Puniceispirillales","EF100-94H03","uncultured_bacterium",NA,NA
"ASV2746","Bacteria","Proteobacteria","Gammaproteobacteria","Betaproteobacteriales","Burkholderiaceae","Verticia",NA,NA
"ASV2764","Bacteria","Proteobacteria","Gammaproteobacteria","Oceanospirillales","Nitrincolaceae","Corallomonas",NA,NA
"ASV2776","Bacteria","Proteobacteria","Gammaproteobacteria","Pseudomonadales","Pseudomonadaceae","Thiopseudomonas",NA,NA
"ASV2783","Bacteria","Proteobacteria","Gammaproteobacteria","Nitrosococcales","Nitrosococcaceae","Cm1-21",NA,NA
"ASV2784","Bacteria","Actinobacteria","Acidimicrobiia","Actinomarinales","uncultured","uncultured_bacterium",NA,NA
"ASV2801","Bacteria","Firmicutes","Clostridia","Clostridiales","Ruminococcaceae","uncultured",NA,NA
"ASV2804","Bacteria","Tenericutes","Mollicutes","Mycoplasmatales","Mycoplasmataceae","uncultured",NA,NA
"ASV2815","Bacteria","Bacteroidetes","Bacteroidia","Cytophagales","Hymenobacteraceae","Hymenobacter",NA,NA
"ASV2819","Bacteria","Proteobacteria","Alphaproteobacteria","Caulobacterales","Caulobacteraceae","Brevundimonas",NA,NA
"ASV2829","Bacteria","Fusobacteria","Fusobacteriia","Fusobacteriales","Fusobacteriaceae","Psychrilyobacter",NA,NA
"ASV2848","Bacteria","Proteobacteria","Alphaproteobacteria","Caulobacterales","Hyphomonadaceae","Maricaulis",NA,NA
"ASV2870","Bacteria","Proteobacteria","Gammaproteobacteria","Betaproteobacteriales","Burkholderiaceae","Bordetella",NA,NA
"ASV2877","Bacteria","Proteobacteria","Deltaproteobacteria","Bdellovibrionales","Bacteriovoracaceae","uncultured",NA,NA
"ASV2882","Bacteria","Proteobacteria","Gammaproteobacteria","Xanthomonadales","Rhodanobacteraceae","uncultured",NA,NA
"ASV2899","Bacteria","Chloroflexi","Anaerolineae","SBR1031","A4b","uncultured_Chloroflexi_bacterium",NA,NA
"ASV2917","Bacteria","Acidobacteria","Aminicenantia","Aminicenantales","uncultured_Aminicenantes_bacterium","uncultured_Aminicenantes_bacterium",NA,NA
"ASV2944","Bacteria","Proteobacteria","Alphaproteobacteria","Rhodospirillales","Rhodospirillaceae","Caenispirillum",NA,NA
"ASV2945","Archaea","Thaumarchaeota","Nitrososphaeria","Nitrosopumilales","Nitrosopumilaceae","Candidatus_Nitrosopumilus",NA,NA
"ASV2959","Bacteria","Proteobacteria","Deltaproteobacteria","Desulfobacterales","Desulfobulbaceae","Desulfotalea",NA,NA
"ASV2960","Bacteria","Patescibacteria","Parcubacteria","Candidatus_Kaiserbacteria","uncultured_bacterium","uncultured_bacterium",NA,NA
"ASV2961","Bacteria","Proteobacteria","Deltaproteobacteria","Oligoflexales","053A03-B-DI-P58","uncultured_bacterium",NA,NA
"ASV2979","Bacteria","Proteobacteria","Gammaproteobacteria","Oceanospirillales","Saccharospirillaceae","Bermanella",NA,NA
"ASV2997","Bacteria","Proteobacteria","Deltaproteobacteria","Desulfobacterales","Desulfobacteraceae","uncultured",NA,NA
"ASV3010","Bacteria","Proteobacteria","Deltaproteobacteria","Myxococcales","Haliangiaceae","Haliangium",NA,NA
"ASV3055","Bacteria","Proteobacteria","Gammaproteobacteria","Xanthomonadales","Xanthomonadaceae","Luteimonas",NA,NA
"ASV3071","Bacteria","Actinobacteria","Actinobacteria","Propionibacteriales","Nocardioidaceae","Nocardioides",NA,NA
"ASV3074","Bacteria","Actinobacteria","Acidimicrobiia","Microtrichales","Microtrichaceae","IMCC26207",NA,NA
"ASV3087","Bacteria","Bacteroidetes","Bacteroidia","Bacteroidales","Marinifilaceae","uncultured",NA,NA
"ASV3099","Bacteria","Proteobacteria","Gammaproteobacteria","Betaproteobacteriales","Burkholderiaceae","Massilia",NA,NA
"ASV3109","Bacteria","Marinimicrobia_(SAR406_clade)","uncultured_bacterium","uncultured_bacterium","uncultured_bacterium","uncultured_bacterium",NA,NA
"ASV3111","Bacteria","Proteobacteria","Deltaproteobacteria","Bdellovibrionales","Bacteriovoracaceae","uncultured_delta_proteobacterium",NA,NA
"ASV3113","Bacteria","Patescibacteria","Saccharimonadia","Saccharimonadales","Saccharimonadaceae","Candidatus_Saccharimonas",NA,NA
"ASV3114","Bacteria","Proteobacteria","Alphaproteobacteria","Rhodospirillales","AEGEAN-169_marine_group","uncultured_bacterium",NA,NA
"ASV3116","Bacteria","Dependentiae","Babeliae","Babeliales","Vermiphilaceae","uncultured_delta_proteobacterium",NA,NA
"ASV3117","Bacteria","Bacteroidetes","Bacteroidia","Flavobacteriales","Flavobacteriaceae","Gillisia",NA,NA
"ASV3125","Bacteria","Proteobacteria","Gammaproteobacteria","Betaproteobacteriales","Burkholderiaceae","Hydrogenophaga",NA,NA
"ASV3128","Bacteria","Deinococcus-Thermus","Deinococci","Thermales","Thermaceae","Thermus",NA,NA
"ASV3134","Bacteria","Proteobacteria","Gammaproteobacteria","Legionellales","Legionellaceae","uncultured",NA,NA
"ASV3135","Bacteria","Proteobacteria","Gammaproteobacteria","Betaproteobacteriales","Burkholderiaceae","Limnobacter",NA,NA
"ASV3139","Bacteria","Bacteroidetes","Bacteroidia","Flavobacteriales","Weeksellaceae","Chryseobacterium",NA,NA
"ASV3143","Bacteria","Chloroflexi","Anaerolineae","uncultured","uncultured_bacterium","uncultured_bacterium",NA,NA
"ASV3148","Bacteria","Proteobacteria","Deltaproteobacteria","Desulfovibrionales","Desulfovibrionaceae","Halodesulfovibrio",NA,NA
"ASV3158","Bacteria","Verrucomicrobia","Verrucomicrobiae","LD1-PB3","uncultured_rumen_bacterium","uncultured_rumen_bacterium",NA,NA
"ASV3161","Archaea","Thaumarchaeota","Nitrososphaeria","Nitrosopumilales","Nitrosopumilaceae","Candidatus_Nitrosopelagicus",NA,NA
"ASV3165","Bacteria","Proteobacteria","Gammaproteobacteria","Coxiellales","Coxiellaceae","Coxiella",NA,NA
"ASV3206","Bacteria","Proteobacteria","Deltaproteobacteria","Desulfobacterales","Desulfobacteraceae","Desulfoconvexum",NA,NA
"ASV3209","Bacteria","Bacteroidetes","Bacteroidia","Sphingobacteriales","Lentimicrobiaceae","uncultured_bacterium",NA,NA
"ASV3211","Bacteria","Verrucomicrobia","Verrucomicrobiae","Opitutales","Puniceicoccaceae","Verruc-01",NA,NA
"ASV3227","Bacteria","Proteobacteria","Gammaproteobacteria","Xanthomonadales","Rhodanobacteraceae","Rhodanobacter",NA,NA
"ASV3236","Bacteria","Bacteroidetes","Bacteroidia","Bacteroidales","Marinilabiliaceae","uncultured",NA,NA
"ASV3244","Bacteria","Proteobacteria","Alphaproteobacteria","Rhizobiales","Xanthobacteraceae","Rhodopseudomonas",NA,NA
"ASV3247","Bacteria","Acidobacteria","Aminicenantia","Aminicenantales","uncultured_bacterium","uncultured_bacterium",NA,NA
"ASV3256","Bacteria","Proteobacteria","Gammaproteobacteria","Xanthomonadales","Rhodanobacteraceae","Dokdonella",NA,NA
"ASV3259","Bacteria","Proteobacteria","Gammaproteobacteria","Vibrionales","Vibrionaceae","Enterovibrio",NA,NA
"ASV3268","Bacteria","Bacteroidetes","Bacteroidia","Flavobacteriales","Flavobacteriaceae","Zunongwangia",NA,NA
"ASV3269","Bacteria","Proteobacteria","Deltaproteobacteria","Desulfovibrionales","Desulfovibrionaceae","Desulfovibrio",NA,NA
"ASV3271","Bacteria","Firmicutes","Clostridia","Clostridiales","Family_XIII","uncultured",NA,NA
"ASV3279","Bacteria","Proteobacteria","Gammaproteobacteria","Betaproteobacteriales","Neisseriaceae","Neisseria",NA,NA
"ASV3280","Bacteria","Proteobacteria","Gammaproteobacteria","Arenicellales","Arenicellaceae","uncultured",NA,NA
"ASV3282","Bacteria","Planctomycetes","Phycisphaerae","Phycisphaerales","Phycisphaeraceae","AKYG587",NA,NA
"ASV3283","Bacteria","Proteobacteria","Alphaproteobacteria","Rhodovibrionales","Kiloniellaceae","Pelagibius",NA,NA
"ASV3292","Bacteria","Proteobacteria","Gammaproteobacteria","Cardiobacteriales","Cardiobacteriaceae","uncultured",NA,NA
"ASV3297","Bacteria","Proteobacteria","Gammaproteobacteria","Xanthomonadales","Xanthomonadaceae","Pseudoxanthomonas",NA,NA
"ASV3299","Bacteria","Proteobacteria","Gammaproteobacteria","BD7-8","uncultured_marine_bacterium","uncultured_marine_bacterium",NA,NA
"ASV3330","Bacteria","Proteobacteria","Alphaproteobacteria","Sphingomonadales","Sphingomonadaceae","Sphingosinicella",NA,NA
"ASV3331","Bacteria","Chloroflexi","Anaerolineae","SBR1031","A4b","uncultured_bacterium",NA,NA
"ASV3332","Bacteria","Proteobacteria","Alphaproteobacteria","Rhizobiales","Rhizobiaceae","Mesorhizobium",NA,NA
"ASV3333","Bacteria","Latescibacteria","uncultured_sediment_bacterium","uncultured_sediment_bacterium","uncultured_sediment_bacterium","uncultured_sediment_bacterium",NA,NA
"ASV3359","Bacteria","Patescibacteria","Parcubacteria","Candidatus_Moranbacteria","uncultured_bacterium","uncultured_bacterium",NA,NA
"ASV3366","Bacteria","Fusobacteria","Fusobacteriia","Fusobacteriales","Fusobacteriaceae","Fusobacterium",NA,NA
"ASV3370","Bacteria","Bacteroidetes","Bacteroidia","Sphingobacteriales","NS11-12_marine_group","uncultured_Sphingobacteriia_bacterium",NA,NA
"ASV3379","Bacteria","Proteobacteria","Gammaproteobacteria","EV818SWSAP88","uncultured_bacterium","uncultured_bacterium",NA,NA
"ASV3380","Bacteria","Bacteroidetes","Bacteroidia","Sphingobacteriales","Lentimicrobiaceae","uncultured_Bacteroidetes_bacterium",NA,NA
"ASV3383","Bacteria","Proteobacteria","Alphaproteobacteria","uncultured","uncultured_alpha_proteobacterium","uncultured_alpha_proteobacterium",NA,NA
"ASV3386","Bacteria","Bacteroidetes","Bacteroidia","Bacteroidales","Marinilabiliaceae","Carboxylicivirga",NA,NA
"ASV3391","Bacteria","Proteobacteria","Alphaproteobacteria","Holosporales","Holosporaceae","uncultured",NA,NA
"ASV3394","Bacteria","Actinobacteria","Actinobacteria","Micrococcales","Micrococcaceae","Micrococcus",NA,NA
"ASV3429","Bacteria","Proteobacteria","Gammaproteobacteria","UBA10353_marine_group","uncultured_bacterium","uncultured_bacterium",NA,NA
"ASV3434","Bacteria","Proteobacteria","Gammaproteobacteria","Alteromonadales","Shewanellaceae","Ferrimonas",NA,NA
"ASV3447","Bacteria","Proteobacteria","Alphaproteobacteria","Rhodospirillales","uncultured","uncultured_gamma_proteobacterium",NA,NA
"ASV3456","Bacteria","Bacteroidetes","Bacteroidia","Bacteroidales","Prolixibacteraceae","Roseimarinus",NA,NA
"ASV3457","Bacteria","Proteobacteria","Gammaproteobacteria","Ectothiorhodospirales","Ectothiorhodospiraceae","Thiogranum",NA,NA
"ASV3465","Bacteria","Verrucomicrobia","Verrucomicrobiae","Chthoniobacterales","Terrimicrobiaceae","Terrimicrobium",NA,NA
"ASV3478","Bacteria","Proteobacteria","Deltaproteobacteria","Desulfarculales","Desulfarculaceae","Desulfatiglans",NA,NA
"ASV3486","Bacteria","Bacteroidetes","Bacteroidia","Bacteroidetes_VC2.1_Bac22","uncultured_sediment_bacterium","uncultured_sediment_bacterium",NA,NA
"ASV3490","Bacteria","Firmicutes","Bacilli","Lactobacillales","Streptococcaceae","Lactococcus",NA,NA
"ASV3493","Bacteria","Cyanobacteria","Oxyphotobacteria","Nostocales","Xenococcaceae","Pleurocapsa_PCC-7319",NA,NA
"ASV3497","Bacteria","Proteobacteria","Gammaproteobacteria","Cellvibrionales","Porticoccaceae","Porticoccus",NA,NA
"ASV3510","Bacteria","Firmicutes","Bacilli","Bacillales","Family_XI","Gemella",NA,NA
"ASV3513","Bacteria","Chloroflexi","KD4-96","uncultured_soil_bacterium","uncultured_soil_bacterium","uncultured_soil_bacterium",NA,NA
"ASV3531","Bacteria","Firmicutes","Bacilli","Bacillales","Paenibacillaceae","Brevibacillus",NA,NA
"ASV3533","Bacteria","Acidobacteria","Blastocatellia_(Subgroup_4)","Blastocatellales","Blastocatellaceae","Blastocatella",NA,NA
"ASV3534","Bacteria","Bacteroidetes","Bacteroidia","Flavobacteriales","Flavobacteriaceae","Flavobacterium",NA,NA
"ASV3538","Bacteria","Bacteroidetes","Bacteroidia","Flavobacteriales","Flavobacteriaceae","Cellulophaga",NA,NA
"ASV3543","Bacteria","Bacteroidetes","Bacteroidia","Flavobacteriales","NS9_marine_group","uncultured_soil_bacterium",NA,NA
"ASV3546","Bacteria","Proteobacteria","Alphaproteobacteria","Rickettsiales","Rickettsiaceae","uncultured",NA,NA
"ASV3555","Bacteria","Proteobacteria","Gammaproteobacteria","Vibrionales","Vibrionaceae","Aliivibrio",NA,NA
"ASV3562","Bacteria","Bacteroidetes","Bacteroidia","Flavobacteriales","Flavobacteriaceae","Sediminicola",NA,NA
"ASV3571","Bacteria","Actinobacteria","WCHB1-81","uncultured_bacterium","uncultured_bacterium","uncultured_bacterium",NA,NA
"ASV3586","Bacteria","Proteobacteria","Gammaproteobacteria","Betaproteobacteriales","Burkholderiaceae","Comamonas",NA,NA
"ASV3597","Bacteria","Chlamydiae","Chlamydiae","Chlamydiales","Simkaniaceae","uncultured",NA,NA
"ASV3627","Bacteria","Patescibacteria","Gracilibacteria","JGI_0000069-P22","unidentified_proteobacterium","unidentified_proteobacterium",NA,NA
"ASV3638","Bacteria","Proteobacteria","Alphaproteobacteria","Rhodobacterales","Rhodobacteraceae","Leisingera",NA,NA
"ASV3641","Bacteria","Acidobacteria","Acidobacteriia","Solibacterales","Solibacteraceae_(Subgroup_3)","PAUC26f",NA,NA
"ASV3647","Bacteria","Actinobacteria","Actinobacteria","Micrococcales","Micrococcaceae","Arthrobacter",NA,NA
"ASV3663","Bacteria","Proteobacteria","Gammaproteobacteria","Betaproteobacteriales","Burkholderiaceae","Rhodoferax",NA,NA
"ASV3666","Bacteria","Planctomycetes","BD7-11","uncultured_bacterium","uncultured_bacterium","uncultured_bacterium",NA,NA
"ASV3693","Bacteria","Proteobacteria","Gammaproteobacteria","Betaproteobacteriales","Burkholderiaceae","Cupriavidus",NA,NA
"ASV3696","Bacteria","Cyanobacteria","Oxyphotobacteria","Nostocales","Nostocaceae","Kyrtuthrix_C708",NA,NA
"ASV3702","Bacteria","Bacteroidetes","Bacteroidia","Flavobacteriales","Flavobacteriaceae","Psychroflexus",NA,NA
