"","sample_id","BarcodeSequence","LinkerPrimerSequence","swabid","plate","barcode_well","project_name","person_responsible","forward_primer_name","reverse_primer_name","marker_gene","sample_number","origin_site","quadrat","flagging_tape","destination","treatment","category","origin_and_destination"
"pb1_pruth_pocket_asu_f_p3_h4","pb1_pruth_pocket_asu_f_p3_h4","ACTGCCCGATAC","na","ex107",4,"h4","hakai_2017_eelgrass_transplant","emily_adamczyk",515,"806r","16s_v4",258,"pruth_bay","pb1","na","pruth_pocket","asu","final_eelgrass_swab","pruth_bay_pruth_pocket"
"pb1_pruth_pocket_control_f_p1_g3","pb1_pruth_pocket_control_f_p1_g3","CATGATTAAGAG","na","ex141",6,"g3","hakai_2017_eelgrass_transplant","emily_adamczyk",515,"806r","16s_v4",68,"pruth_bay","pb1","4","pruth_pocket","control","final_eelgrass_swab","pruth_bay_pruth_pocket"
"pb1_pruth_pocket_control_i_p1_c6","pb1_pruth_pocket_control_i_p1_c6","CAGTGTCATGAA","na","1619",6,"c6","hakai_2017_eelgrass_transplant","emily_adamczyk",515,"806r","16s_v4",25,"pruth_bay","pb1","4","pruth_pocket","control","initial_eelgrass_swab","pruth_bay_pruth_pocket"
"pb1_pruth_pocket_sterile_f_p1_d9","pb1_pruth_pocket_sterile_f_p1_d9","CTCATATGCTAT","na","ex082",6,"d9","hakai_2017_eelgrass_transplant","emily_adamczyk",515,"806r","16s_v4",69,"pruth_bay","pb1","23","pruth_pocket","sterile","final_eelgrass_swab","pruth_bay_pruth_pocket"
"pb1_pruth_pocket_sterile_i_p2_b2","pb1_pruth_pocket_sterile_i_p2_b2","TTCCCACCCATT","na","1625",7,"b2","hakai_2017_eelgrass_transplant","emily_adamczyk",515,"806r","16s_v4",123,"pruth_bay","pb1","23","pruth_pocket","sterile","initial_eelgrass_swab","pruth_bay_pruth_pocket"
"pb10_pruth_bay_asu_f_p3_c6","pb10_pruth_bay_asu_f_p3_c6","ATTGCCTTGATT","na","ex083",4,"c6","hakai_2017_eelgrass_transplant","emily_adamczyk",515,"806r","16s_v4",266,"pruth_bay","pb10","na","pruth_bay","asu","final_eelgrass_swab","pruth_bay_pruth_bay"
"pb10_pruth_bay_control_f_p3_c1","pb10_pruth_bay_control_f_p3_c1","TATATAGTATCC","na","ex086",4,"c1","hakai_2017_eelgrass_transplant","emily_adamczyk",515,"806r","16s_v4",265,"pruth_bay","pb10","13","pruth_bay","control","final_eelgrass_swab","pruth_bay_pruth_bay"
"pb10_pruth_bay_control_i_p2_c3","pb10_pruth_bay_control_i_p2_c3","CACTAGACCCAC","na","1655",7,"c3","hakai_2017_eelgrass_transplant","emily_adamczyk",515,"806r","16s_v4",125,"pruth_bay","pb10","13","pruth_bay","control","initial_eelgrass_swab","pruth_bay_pruth_bay"
"pb10_pruth_bay_sterile_f_p1_e6","pb10_pruth_bay_sterile_f_p1_e6","CCACTCTCTCTA","na","ex149",6,"e6","hakai_2017_eelgrass_transplant","emily_adamczyk",515,"806r","16s_v4",73,"pruth_bay","pb10","27","pruth_bay","sterile","final_eelgrass_swab","pruth_bay_pruth_bay"
"pb10_pruth_bay_sterile_i_p1_h8","pb10_pruth_bay_sterile_i_p1_h8","GTGCGAGGACAA","na","1624",6,"h8","hakai_2017_eelgrass_transplant","emily_adamczyk",515,"806r","16s_v4",30,"pruth_bay","pb10","27","pruth_bay","sterile","initial_eelgrass_swab","pruth_bay_pruth_bay"
"pb11_wolf_asu_f_p2_c8","pb11_wolf_asu_f_p2_c8","TATTCTACATGA","na","ex140",7,"c8","hakai_2017_eelgrass_transplant","emily_adamczyk",515,"806r","16s_v4",183,"pruth_bay","pb11","na","wolf","asu","final_eelgrass_swab","pruth_bay_wolf"
"pb11_wolf_control_f_p1_g7","pb11_wolf_control_f_p1_g7","TGACGAGGGCTG","na","ex003",6,"g7","hakai_2017_eelgrass_transplant","emily_adamczyk",515,"806r","16s_v4",74,"pruth_bay","pb11","25","wolf","control","final_eelgrass_swab","pruth_bay_wolf"
"pb11_wolf_control_i_p2_h5","pb11_wolf_control_i_p2_h5","GCCGCCAGGGTC","na","1631",3,"h5","hakai_2017_eelgrass_transplant","emily_adamczyk",515,"806r","16s_v4",126,"pruth_bay","pb11","25","wolf","control","initial_eelgrass_swab","pruth_bay_wolf"
"pb11_wolf_sterile_f_p2_b8","pb11_wolf_sterile_f_p2_b8","GAACTCGCTATG","na","ex092",7,"b8","hakai_2017_eelgrass_transplant","emily_adamczyk",515,"806r","16s_v4",182,"pruth_bay","pb11","42","wolf","sterile","final_eelgrass_swab","pruth_bay_wolf"
"pb11_wolf_sterile_i_p2_h1","pb11_wolf_sterile_i_p2_h1","AAGGGTTAGTCT","na","1626",7,"h1","hakai_2017_eelgrass_transplant","emily_adamczyk",515,"806r","16s_v4",127,"pruth_bay","pb11","42","wolf","sterile","initial_eelgrass_swab","pruth_bay_wolf"
"pb13_sandspit_asu_f_p1_g4","pb13_sandspit_asu_f_p1_g4","ACCTATGGTGAA","na","ex111",6,"g4","hakai_2017_eelgrass_transplant","emily_adamczyk",515,"806r","16s_v4",76,"pruth_bay","pb13","na","sandspit","asu","final_eelgrass_swab","pruth_bay_sandspit"
"pb13_sandspit_control_f_p1_a7","pb13_sandspit_control_f_p1_a7","TGGCCGTTACTG","na","ex136",6,"a7","hakai_2017_eelgrass_transplant","emily_adamczyk",515,"806r","16s_v4",75,"pruth_bay","pb13","11","sandspit","control","final_eelgrass_swab","pruth_bay_sandspit"
"pb13_sandspit_control_i_p2_d5","pb13_sandspit_control_i_p2_d5","CCGAAACGGAGC","na","1621",7,"d5","hakai_2017_eelgrass_transplant","emily_adamczyk",515,"806r","16s_v4",128,"pruth_bay","pb13","11","sandspit","control","initial_eelgrass_swab","pruth_bay_sandspit"
"pb13_sandspit_sterile_f_p3_e5","pb13_sandspit_sterile_f_p3_e5","TTATCCAGTCCT","na","ex102",4,"e5","hakai_2017_eelgrass_transplant","emily_adamczyk",515,"806r","16s_v4",267,"pruth_bay","pb13","31","sandspit","sterile","final_eelgrass_swab","pruth_bay_sandspit"
"pb13_sandspit_sterile_i_p2_f1","pb13_sandspit_sterile_i_p2_f1","AGCTATGTATGG","na","1620",7,"f1","hakai_2017_eelgrass_transplant","emily_adamczyk",515,"806r","16s_v4",129,"pruth_bay","pb13","31","sandspit","sterile","initial_eelgrass_swab","pruth_bay_sandspit"
"pb14_pruth_bay_asu_f_p1_d1","pb14_pruth_bay_asu_f_p1_d1","CTAGTCGCTGGT","na","ex096",6,"d1","hakai_2017_eelgrass_transplant","emily_adamczyk",515,"806r","16s_v4",78,"pruth_bay","pb14","na","pruth_bay","asu","final_eelgrass_swab","pruth_bay_pruth_bay"
"pb14_pruth_bay_control_f_p1_d3","pb14_pruth_bay_control_f_p1_d3","AAGCCTCTACGA","na","ex087",6,"d3","hakai_2017_eelgrass_transplant","emily_adamczyk",515,"806r","16s_v4",77,"pruth_bay","pb14","22","pruth_bay","control","final_eelgrass_swab","pruth_bay_pruth_bay"
"pb14_pruth_bay_control_i_p1_b5","pb14_pruth_bay_control_i_p1_b5","TAAGAAACGTCA","na","1637",6,"b5","hakai_2017_eelgrass_transplant","emily_adamczyk",515,"806r","16s_v4",31,"pruth_bay","pb14","22","pruth_bay","control","initial_eelgrass_swab","pruth_bay_pruth_bay"
"pb14_pruth_bay_sterile_f_p2_g7","pb14_pruth_bay_sterile_f_p2_g7","ACACTCATTACT","na","ex090",7,"g7","hakai_2017_eelgrass_transplant","emily_adamczyk",515,"806r","16s_v4",184,"pruth_bay","pb14","16","pruth_bay","sterile","final_eelgrass_swab","pruth_bay_pruth_bay"
"pb14_pruth_bay_sterile_i_p2_a6","pb14_pruth_bay_sterile_i_p2_a6","TCAAGCAATACG","na","1632",7,"a6","hakai_2017_eelgrass_transplant","emily_adamczyk",515,"806r","16s_v4",130,"pruth_bay","pb14","16","pruth_bay","sterile","initial_eelgrass_swab","pruth_bay_pruth_bay"
"pb15_wolf_asu_f_p1_a2","pb15_wolf_asu_f_p1_a2","CTACCGATTGCG","na","ex023",6,"a2","hakai_2017_eelgrass_transplant","emily_adamczyk",515,"806r","16s_v4",79,"pruth_bay","pb15","na","wolf","asu","final_eelgrass_swab","pruth_bay_wolf"
"pb15_wolf_control_f_p3_b5","pb15_wolf_control_f_p3_b5","ATAGTTAGGGCT","na","ex114",4,"b5","hakai_2017_eelgrass_transplant","emily_adamczyk",515,"806r","16s_v4",268,"pruth_bay","pb15","18","wolf","control","final_eelgrass_swab","pruth_bay_wolf"
"pb15_wolf_control_i_p3_a3","pb15_wolf_control_i_p3_a3","TTGCACCGTCGA","na","1654",4,"a3","hakai_2017_eelgrass_transplant","emily_adamczyk",515,"806r","16s_v4",226,"pruth_bay","pb15","18","wolf","control","initial_eelgrass_swab","pruth_bay_wolf"
"pb15_wolf_sterile_f_p3_g10","pb15_wolf_sterile_f_p3_g10","CCACCGGGCCGA","na","ex017",4,"g10","hakai_2017_eelgrass_transplant","emily_adamczyk",515,"806r","16s_v4",269,"pruth_bay","pb15","2","wolf","sterile","final_eelgrass_swab","pruth_bay_wolf"
"pb15_wolf_sterile_i_p1_a6","pb15_wolf_sterile_i_p1_a6","GAGAGGGATCAC","na","1633",6,"a6","hakai_2017_eelgrass_transplant","emily_adamczyk",515,"806r","16s_v4",32,"pruth_bay","pb15","2","wolf","sterile","initial_eelgrass_swab","pruth_bay_wolf"
"pb2_sandspit_asu_f_p3_e10","pb2_sandspit_asu_f_p3_e10","ACCACCGTAACC","na","ex117",4,"e10","hakai_2017_eelgrass_transplant","emily_adamczyk",515,"806r","16s_v4",259,"pruth_bay","pb2","na","sandspit","asu","final_eelgrass_swab","pruth_bay_sandspit"
"pb2_sandspit_control_i_p1_b7","pb2_sandspit_control_i_p1_b7","AGGAACCAGACG","na","1641",6,"b7","hakai_2017_eelgrass_transplant","emily_adamczyk",515,"806r","16s_v4",26,"pruth_bay","pb2","19","sandspit","control","initial_eelgrass_swab","pruth_bay_sandspit"
"pb2_sandspit_sterile_f_p1_h7","pb2_sandspit_sterile_f_p1_h7","TACTTAAACATC","na","ex013",6,"h7","hakai_2017_eelgrass_transplant","emily_adamczyk",515,"806r","16s_v4",70,"pruth_bay","pb2","33","sandspit","sterile","final_eelgrass_swab","pruth_bay_sandspit"
"pb4_wolf_asu_f_p3_a5","pb4_wolf_asu_f_p3_a5","TCTGGCTACGAC","na","ex134",4,"a5","hakai_2017_eelgrass_transplant","emily_adamczyk",515,"806r","16s_v4",260,"pruth_bay","pb4","na","wolf","asu","final_eelgrass_swab","pruth_bay_wolf"
"pb4_wolf_control_f_p2_e9","pb4_wolf_control_f_p2_e9","GTGGCGCATGGA","na","ex109",7,"e9","hakai_2017_eelgrass_transplant","emily_adamczyk",515,"806r","16s_v4",174,"pruth_bay","pb4","41","wolf","control","final_eelgrass_swab","pruth_bay_wolf"
"pb4_wolf_control_i_p1_g6","pb4_wolf_control_i_p1_g6","GTTCCATCGGCC","na","1627",6,"g6","hakai_2017_eelgrass_transplant","emily_adamczyk",515,"806r","16s_v4",27,"pruth_bay","pb4","41","wolf","control","initial_eelgrass_swab","pruth_bay_wolf"
"pb4_wolf_sterile_f_p1_b10","pb4_wolf_sterile_f_p1_b10","TCTACGGCACGT","na","ex025",6,"b10","hakai_2017_eelgrass_transplant","emily_adamczyk",515,"806r","16s_v4",71,"pruth_bay","pb4","47","wolf","sterile","final_eelgrass_swab","pruth_bay_wolf"
"pb5_pruth_pocket_asu_f_p2_h4","pb5_pruth_pocket_asu_f_p2_h4","AATCATTTGTAA","na","ex089",7,"h4","hakai_2017_eelgrass_transplant","emily_adamczyk",515,"806r","16s_v4",177,"pruth_bay","pb5","na","pruth_pocket","asu","final_eelgrass_swab","pruth_bay_pruth_pocket"
"pb5_pruth_pocket_control_f_p2_e10","pb5_pruth_pocket_control_f_p2_e10","CAACTTAATGTT","na","ex115",7,"e10","hakai_2017_eelgrass_transplant","emily_adamczyk",515,"806r","16s_v4",175,"pruth_bay","pb5","3","pruth_pocket","control","final_eelgrass_swab","pruth_bay_pruth_pocket"
"pb5_pruth_pocket_control_i_p2_g1","pb5_pruth_pocket_control_i_p2_g1","AATGACCTCGTG","na","1643",7,"g1","hakai_2017_eelgrass_transplant","emily_adamczyk",515,"806r","16s_v4",124,"pruth_bay","pb5","3","pruth_pocket","control","initial_eelgrass_swab","pruth_bay_pruth_pocket"
"pb5_pruth_pocket_sterile_f_p2_g6","pb5_pruth_pocket_sterile_f_p2_g6","TAGGCGGTAGGC","na","ex122",7,"g6","hakai_2017_eelgrass_transplant","emily_adamczyk",515,"806r","16s_v4",176,"pruth_bay","pb5","43","pruth_pocket","sterile","final_eelgrass_swab","pruth_bay_pruth_pocket"
"pb5_pruth_pocket_sterile_i_p1_f8","pb5_pruth_pocket_sterile_i_p1_f8","CGCTGGCTTTAG","na","1690",6,"f8","hakai_2017_eelgrass_transplant","emily_adamczyk",515,"806r","16s_v4",28,"pruth_bay","pb5","43","pruth_pocket","sterile","initial_eelgrass_swab","pruth_bay_pruth_pocket"
"pb6_pruth_pocket_asu_f_p1_b3","pb6_pruth_pocket_asu_f_p1_b3","ATTTGCTTTGCC","na","ex132",6,"b3","hakai_2017_eelgrass_transplant","emily_adamczyk",515,"806r","16s_v4",72,"pruth_bay","pb6","na","pruth_pocket","asu","final_eelgrass_swab","pruth_bay_pruth_pocket"
"pb6_pruth_pocket_control_f_p3_f6","pb6_pruth_pocket_control_f_p3_f6","CAGTCTAGTACG","na","ex106",4,"f6","hakai_2017_eelgrass_transplant","emily_adamczyk",515,"806r","16s_v4",261,"pruth_bay","pb6","21","pruth_pocket","control","final_eelgrass_swab","pruth_bay_pruth_pocket"
"pb6_pruth_pocket_control_i_p3_b2","pb6_pruth_pocket_control_i_p3_b2","GTCCTACACAGC","na","1645",4,"b2","hakai_2017_eelgrass_transplant","emily_adamczyk",515,"806r","16s_v4",221,"pruth_bay","pb6","21","pruth_pocket","control","initial_eelgrass_swab","pruth_bay_pruth_pocket"
"pb6_pruth_pocket_sterile_f_p3_g4","pb6_pruth_pocket_sterile_f_p3_g4","TGGCGCACGGAC","na","ex135",4,"g4","hakai_2017_eelgrass_transplant","emily_adamczyk",515,"806r","16s_v4",262,"pruth_bay","pb6","12","pruth_pocket","sterile","final_eelgrass_swab","pruth_bay_pruth_pocket"
"pb6_pruth_pocket_sterile_i_p3_h2","pb6_pruth_pocket_sterile_i_p3_h2","GGTCTTAGCACC","na","1658",4,"h2","hakai_2017_eelgrass_transplant","emily_adamczyk",515,"806r","16s_v4",222,"pruth_bay","pb6","12","pruth_pocket","sterile","initial_eelgrass_swab","pruth_bay_pruth_pocket"
"pb8_pruth_bay_asu_f_p2_g9","pb8_pruth_bay_asu_f_p2_g9","AAGTAGGAAGGA","na","ex133",7,"g9","hakai_2017_eelgrass_transplant","emily_adamczyk",515,"806r","16s_v4",179,"pruth_bay","pb8","na","pruth_bay","asu","final_eelgrass_swab","pruth_bay_pruth_bay"
"pb8_pruth_bay_control_f_p2_d7","pb8_pruth_bay_control_f_p2_d7","GTTTGCTCGAGA","na","ex091",7,"d7","hakai_2017_eelgrass_transplant","emily_adamczyk",515,"806r","16s_v4",178,"pruth_bay","pb8","26","pruth_bay","control","final_eelgrass_swab","pruth_bay_pruth_bay"
"pb8_pruth_bay_control_i_p3_g2","pb8_pruth_bay_control_i_p3_g2","TCTCGCACTGGA","na","1646",4,"g2","hakai_2017_eelgrass_transplant","emily_adamczyk",515,"806r","16s_v4",223,"pruth_bay","pb8","26","pruth_bay","control","initial_eelgrass_swab","pruth_bay_pruth_bay"
"pb8_pruth_bay_sterile_f_p3_d1","pb8_pruth_bay_sterile_f_p3_d1","CATAAGGGAGGC","na","ex113",4,"d1","hakai_2017_eelgrass_transplant","emily_adamczyk",515,"806r","16s_v4",263,"pruth_bay","pb8","14","pruth_bay","sterile","final_eelgrass_swab","pruth_bay_pruth_bay"
"pb8_pruth_bay_sterile_i_p3_f2","pb8_pruth_bay_sterile_i_p3_f2","AGATGCAATGAT","na","1640",4,"f2","hakai_2017_eelgrass_transplant","emily_adamczyk",515,"806r","16s_v4",224,"pruth_bay","pb8","14","pruth_bay","sterile","initial_eelgrass_swab","pruth_bay_pruth_bay"
"pb9_sandspit_control_f_p3_c10","pb9_sandspit_control_f_p3_c10","CGCTAGGATGTT","na","ex120",4,"c10","hakai_2017_eelgrass_transplant","emily_adamczyk",515,"806r","16s_v4",264,"pruth_bay","pb9","1","sandspit","control","final_eelgrass_swab","pruth_bay_sandspit"
"pb9_sandspit_control_i_p3_c9","pb9_sandspit_control_i_p3_c9","CGTTCCTTGTTA","na","1660",4,"c9","hakai_2017_eelgrass_transplant","emily_adamczyk",515,"806r","16s_v4",225,"pruth_bay","pb9","1","sandspit","control","initial_eelgrass_swab","pruth_bay_sandspit"
"pb9_sandspit_sterile_f_p2_d8","pb9_sandspit_sterile_f_p2_d8","TCGATAAGTAAG","na","ex126",7,"d8","hakai_2017_eelgrass_transplant","emily_adamczyk",515,"806r","16s_v4",180,"pruth_bay","pb9","24","sandspit","sterile","final_eelgrass_swab","pruth_bay_sandspit"
"pb9_sandspit_sterile_i_p1_a5","pb9_sandspit_sterile_i_p1_a5","AGCTTCGACAGT","na","1649",6,"a5","hakai_2017_eelgrass_transplant","emily_adamczyk",515,"806r","16s_v4",29,"pruth_bay","pb9","24","sandspit","sterile","initial_eelgrass_swab","pruth_bay_sandspit"
"plate_1.2_blank_1","plate_1.2_blank_1","CATTCAGTTATA","na","plate_1.2_blank_1",6,"d6","hakai_2017_eelgrass_transplant","emily_adamczyk",515,"806r","16s_v4",95,"pcr_grade_h2o",NA,NA,NA,NA,NA,"pcr_grade_h2o_NA"
"plate_1.2_blank_2","plate_1.2_blank_2","GGCAGTGTTAAT","na","plate_1.2_blank_2",6,"h12","hakai_2017_eelgrass_transplant","emily_adamczyk",515,"806r","16s_v4",96,"pcr_grade_h2o",NA,NA,NA,NA,NA,"pcr_grade_h2o_NA"
"plate_2.2_blank_1","plate_2.2_blank_1","TCTCCTAGGCGC","na","plate_2.2_blank_1",7,"d6","hakai_2017_eelgrass_transplant","emily_adamczyk",515,"806r","16s_v4",193,"pcr_grade_h2o",NA,NA,NA,NA,NA,"pcr_grade_h2o_NA"
"plate_2.2_blank_2","plate_2.2_blank_2","TCGTTGGGACTA","na","plate_2.2_blank_2",3,"h12","hakai_2017_eelgrass_transplant","emily_adamczyk",515,"806r","16s_v4",194,"pcr_grade_h2o",NA,NA,NA,NA,NA,"pcr_grade_h2o_NA"
"pp1_wolf_asu_f_p2_d9","pp1_wolf_asu_f_p2_d9","AATCTCTATAAC","na","ex016",7,"d9","hakai_2017_eelgrass_transplant","emily_adamczyk",515,"806r","16s_v4",160,"pruth_pocket","pp1","n/a","wolf","asu","final_eelgrass_swab","pruth_pocket_wolf"
"pp1_wolf_control_f_p1_c10","pp1_wolf_control_f_p1_c10","TCCTAGGTCCGA","na","ex101",6,"c10","hakai_2017_eelgrass_transplant","emily_adamczyk",515,"806r","16s_v4",56,"pruth_pocket","pp1","37","wolf","control","final_eelgrass_swab","pruth_pocket_wolf"
"pp1_wolf_control_i_p1_a8","pp1_wolf_control_i_p1_a8","TTCAGCGATGGT","na","1317",6,"a8","hakai_2017_eelgrass_transplant","emily_adamczyk",515,"806r","16s_v4",17,"pruth_pocket","pp1","37","wolf","control","initial_eelgrass_swab","pruth_pocket_wolf"
"pp1_wolf_sterile_f_p3_b7","pp1_wolf_sterile_f_p3_b7","TGACTGCGTTAG","na","ex007",4,"b7","hakai_2017_eelgrass_transplant","emily_adamczyk",515,"806r","16s_v4",247,"pruth_pocket","pp1","7","wolf","sterile","final_eelgrass_swab","pruth_pocket_wolf"
"pp1_wolf_sterile_i_p3_h10","pp1_wolf_sterile_i_p3_h10","TATGTGCCGGCT","na","1630",4,"h10","hakai_2017_eelgrass_transplant","emily_adamczyk",515,"806r","16s_v4",211,"pruth_pocket","pp1","7","wolf","sterile","initial_eelgrass_swab","pruth_pocket_wolf"
"pp10_wolf_control_f_p2_f7","pp10_wolf_control_f_p2_f7","GAGTTCCATTGG","na","ex005",7,"f7","hakai_2017_eelgrass_transplant","emily_adamczyk",515,"806r","16s_v4",169,"pruth_pocket","pp10","35","wolf","control","final_eelgrass_swab","pruth_pocket_wolf"
"pp10_wolf_control_i_p3_d10","pp10_wolf_control_i_p3_d10","CTACTTACATCC","na","1651",4,"d10","hakai_2017_eelgrass_transplant","emily_adamczyk",515,"806r","16s_v4",217,"pruth_pocket","pp10","35","wolf","control","initial_eelgrass_swab","pruth_pocket_wolf"
"pp10_wolf_sterile_f_p2_f9","pp10_wolf_sterile_f_p2_f9","CGTGTTATGTGG","na","ex145",7,"f9","hakai_2017_eelgrass_transplant","emily_adamczyk",515,"806r","16s_v4",170,"pruth_pocket","pp10","45","wolf","sterile","final_eelgrass_swab","pruth_pocket_wolf"
"pp11_pruth_bay_asu_f_p2_c10","pp11_pruth_bay_asu_f_p2_c10","GCAGAGAGGCTA","na","ex081",7,"c10","hakai_2017_eelgrass_transplant","emily_adamczyk",515,"806r","16s_v4",172,"pruth_pocket","pp11","na","pruth_bay","asu","final_eelgrass_swab","pruth_pocket_pruth_bay"
"pp11_pruth_bay_control_f_p3_e1","pp11_pruth_bay_control_f_p3_e1","GTGCAACCAATC","na","ex110",4,"e1","hakai_2017_eelgrass_transplant","emily_adamczyk",515,"806r","16s_v4",254,"pruth_pocket","pp11","46","pruth_bay","control","final_eelgrass_swab","pruth_pocket_pruth_bay"
"pp11_pruth_bay_control_i_p3_g6","pp11_pruth_bay_control_i_p3_g6","GTGGGACTGCGC","na","1712",4,"g6","hakai_2017_eelgrass_transplant","emily_adamczyk",515,"806r","16s_v4",218,"pruth_pocket","pp11","46","pruth_bay","control","initial_eelgrass_swab","pruth_pocket_pruth_bay"
"pp11_pruth_bay_sterile_f_p1_h3","pp11_pruth_bay_sterile_f_p1_h3","AGCACCGGTCTT","na","ex116",6,"h3","hakai_2017_eelgrass_transplant","emily_adamczyk",515,"806r","16s_v4",64,"pruth_pocket","pp11","8","pruth_bay","sterile","final_eelgrass_swab","pruth_pocket_pruth_bay"
"pp11_pruth_bay_sterile_i_p2_a1","pp11_pruth_bay_sterile_i_p2_a1","TAGACCGACTCC","na","1659",7,"a1","hakai_2017_eelgrass_transplant","emily_adamczyk",515,"806r","16s_v4",121,"pruth_pocket","pp11","8","pruth_bay","sterile","initial_eelgrass_swab","pruth_pocket_pruth_bay"
"pp14_sandspit_asu_f_p3_f8","pp14_sandspit_asu_f_p3_f8","AGTCCGAGTTGT","na","ex124",4,"f8","hakai_2017_eelgrass_transplant","emily_adamczyk",515,"806r","16s_v4",256,"pruth_pocket","pp14","na","sandspit","asu","final_eelgrass_swab","pruth_pocket_sandspit"
"pp14_sandspit_control_f_p3_e6","pp14_sandspit_control_f_p3_e6","GTTTATCTTAAG","na","ex128",4,"e6","hakai_2017_eelgrass_transplant","emily_adamczyk",515,"806r","16s_v4",255,"pruth_pocket","pp14","10","sandspit","control","final_eelgrass_swab","pruth_pocket_sandspit"
"pp14_sandspit_control_i_p1_h1","pp14_sandspit_control_i_p1_h1","GATGCGCAGGAC","na","1680",6,"h1","hakai_2017_eelgrass_transplant","emily_adamczyk",515,"806r","16s_v4",22,"pruth_pocket","pp14","10","sandspit","control","initial_eelgrass_swab","pruth_pocket_sandspit"
"pp14_sandspit_sterile_f_p1_h6","pp14_sandspit_sterile_f_p1_h6","ATCGTTATATCA","na","ex119",6,"h6","hakai_2017_eelgrass_transplant","emily_adamczyk",515,"806r","16s_v4",65,"pruth_pocket","pp14","36","sandspit","sterile","final_eelgrass_swab","pruth_pocket_sandspit"
"pp14_sandspit_sterile_i_p1_g1","pp14_sandspit_sterile_i_p1_g1","TACCTGTGTCTT","na","1668",6,"g1","hakai_2017_eelgrass_transplant","emily_adamczyk",515,"806r","16s_v4",23,"pruth_pocket","pp14","36","sandspit","sterile","initial_eelgrass_swab","pruth_pocket_sandspit"
"pp15_wolf_asu_f_p1_f4","pp15_wolf_asu_f_p1_f4","GGTGTGAGAAAG","na","ex127",6,"f4","hakai_2017_eelgrass_transplant","emily_adamczyk",515,"806r","16s_v4",67,"pruth_pocket","pp15","na","wolf","asu","final_eelgrass_swab","pruth_pocket_wolf"
"pp15_wolf_control_f_p3_c7","pp15_wolf_control_f_p3_c7","GAGCCCAAAGAG","na","ex105",4,"c7","hakai_2017_eelgrass_transplant","emily_adamczyk",515,"806r","16s_v4",257,"pruth_pocket","pp15","29","wolf","control","final_eelgrass_swab","pruth_pocket_wolf"
"pp15_wolf_control_i_p2_a5","pp15_wolf_control_i_p2_a5","TAGTGTCGGATC","na","1312",7,"a5","hakai_2017_eelgrass_transplant","emily_adamczyk",515,"806r","16s_v4",122,"pruth_pocket","pp15","29","wolf","control","initial_eelgrass_swab","pruth_pocket_wolf"
"pp15_wolf_sterile_f_p1_f7","pp15_wolf_sterile_f_p1_f7","ATTCGGTAGTGC","na","ex099",6,"f7","hakai_2017_eelgrass_transplant","emily_adamczyk",515,"806r","16s_v4",66,"pruth_pocket","pp15","9","wolf","sterile","final_eelgrass_swab","pruth_pocket_wolf"
"pp15_wolf_sterile_i_p1_c1","pp15_wolf_sterile_i_p1_c1","CAGGGTAGGGTA","na","1622",6,"c1","hakai_2017_eelgrass_transplant","emily_adamczyk",515,"806r","16s_v4",24,"pruth_pocket","pp15","9","wolf","sterile","initial_eelgrass_swab","pruth_pocket_wolf"
"pp2_pruth_pocket_asu_f_p2_h8","pp2_pruth_pocket_asu_f_p2_h8","CTTATAGAGAAG","na","ex095",7,"h8","hakai_2017_eelgrass_transplant","emily_adamczyk",515,"806r","16s_v4",161,"pruth_pocket","pp2","n/a","pruth_pocket","asu","final_eelgrass_swab","pruth_pocket_pruth_pocket"
"pp2_pruth_pocket_control_f_p3_b10","pp2_pruth_pocket_control_f_p3_b10","GATCCCACGTAC","na","ex104",4,"b10","hakai_2017_eelgrass_transplant","emily_adamczyk",515,"806r","16s_v4",248,"pruth_pocket","pp2","17","pruth_pocket","control","final_eelgrass_swab","pruth_pocket_pruth_pocket"
"pp2_pruth_pocket_control_i_p2_b1","pp2_pruth_pocket_control_i_p2_b1","GGAATCCGATTA","na","1647",7,"b1","hakai_2017_eelgrass_transplant","emily_adamczyk",515,"806r","16s_v4",115,"pruth_pocket","pp2","17","pruth_pocket","control","initial_eelgrass_swab","pruth_pocket_pruth_pocket"
"pp2_pruth_pocket_sterile_f_p1_c3","pp2_pruth_pocket_sterile_f_p1_c3","ACCCGGATTTCG","na","ex098",6,"c3","hakai_2017_eelgrass_transplant","emily_adamczyk",515,"806r","16s_v4",57,"pruth_pocket","pp2","40","pruth_pocket","sterile","final_eelgrass_swab","pruth_pocket_pruth_pocket"
"pp2_pruth_pocket_sterile_i_p2_g10","pp2_pruth_pocket_sterile_i_p2_g10","ATCCATGAGCGT","na","1665",7,"g11","hakai_2017_eelgrass_transplant","emily_adamczyk",515,"806r","16s_v4",116,"pruth_pocket","pp2","40","pruth_pocket","sterile","initial_eelgrass_swab","pruth_pocket_pruth_pocket"
"pp3_pruth_pocket_asu_f_p3_c5","pp3_pruth_pocket_asu_f_p3_c5","GAATCTGACAAC","na","ex118",4,"c5","hakai_2017_eelgrass_transplant","emily_adamczyk",515,"806r","16s_v4",249,"pruth_pocket","pp3","n/a","pruth_pocket","asu","final_eelgrass_swab","pruth_pocket_pruth_pocket"
"pp3_pruth_pocket_control_f_p1_e3","pp3_pruth_pocket_control_f_p1_e3","GCGATGGCGATG","na","ex103",6,"e3","hakai_2017_eelgrass_transplant","emily_adamczyk",515,"806r","16s_v4",58,"pruth_pocket","pp3","34","pruth_pocket","control","final_eelgrass_swab","pruth_pocket_pruth_pocket"
"pp3_pruth_pocket_control_i_p3_h7","pp3_pruth_pocket_control_i_p3_h7","TAGACTTCAGAG","na","1636",4,"h7","hakai_2017_eelgrass_transplant","emily_adamczyk",515,"806r","16s_v4",212,"pruth_pocket","pp3","34","pruth_pocket","control","initial_eelgrass_swab","pruth_pocket_pruth_pocket"
"pp3_pruth_pocket_sterile_f_p2_e7","pp3_pruth_pocket_sterile_f_p2_e7","GTCTGACGGTCT","na","ex085",7,"e7","hakai_2017_eelgrass_transplant","emily_adamczyk",515,"806r","16s_v4",162,"pruth_pocket","pp3","38","pruth_pocket","sterile","final_eelgrass_swab","pruth_pocket_pruth_pocket"
"pp3_pruth_pocket_sterile_i_p1_d2","pp3_pruth_pocket_sterile_i_p1_d2","AATATCGGGATC","na","1623",6,"d2","hakai_2017_eelgrass_transplant","emily_adamczyk",515,"806r","16s_v4",18,"pruth_pocket","pp3","38","pruth_pocket","sterile","initial_eelgrass_swab","pruth_pocket_pruth_pocket"
"pp4_pruth_pocket_asu_f_p1_h11","pp4_pruth_pocket_asu_f_p1_h11","CTGTAAAGGTTG","na","ex088",6,"h11","hakai_2017_eelgrass_transplant","emily_adamczyk",515,"806r","16s_v4",59,"pruth_pocket","pp4","na","pruth_pocket","asu","final_eelgrass_swab","pruth_pocket_pruth_pocket"
"pp4_pruth_pocket_control_f_p2_c1","pp4_pruth_pocket_control_f_p2_c1","TCCGACCCGATC","na","ex093",7,"c1","hakai_2017_eelgrass_transplant","emily_adamczyk",515,"806r","16s_v4",163,"pruth_pocket","pp4","44","pruth_pocket","control","final_eelgrass_swab","pruth_pocket_pruth_pocket"
"pp4_pruth_pocket_control_i_p1_c2","pp4_pruth_pocket_control_i_p1_c2","GTAAATTCAGGC","na","1639",6,"c2","hakai_2017_eelgrass_transplant","emily_adamczyk",515,"806r","16s_v4",19,"pruth_pocket","pp4","44","pruth_pocket","control","initial_eelgrass_swab","pruth_pocket_pruth_pocket"
"pp4_pruth_pocket_sterile_f_p3_f1","pp4_pruth_pocket_sterile_f_p3_f1","CTCACCTAGGAA","na","ex121",4,"f1","hakai_2017_eelgrass_transplant","emily_adamczyk",515,"806r","16s_v4",250,"pruth_pocket","pp4","28","pruth_pocket","sterile","final_eelgrass_swab","pruth_pocket_pruth_pocket"
"pp4_pruth_pocket_sterile_i_p3_d7","pp4_pruth_pocket_sterile_i_p3_d7","CAACGAACCATC","na","1318",4,"d7","hakai_2017_eelgrass_transplant","emily_adamczyk",515,"806r","16s_v4",213,"pruth_pocket","pp4","28","pruth_pocket","sterile","initial_eelgrass_swab","pruth_pocket_pruth_pocket"
"pp5_sandspit_asu_f_p2_b4","pp5_sandspit_asu_f_p2_b4","AGCCAGTCATAC","na","ex131",7,"b4","hakai_2017_eelgrass_transplant","emily_adamczyk",515,"806r","16s_v4",165,"pruth_pocket","pp5","na","sandspit","asu","final_eelgrass_swab","pruth_pocket_sandspit"
"pp5_sandspit_control_f_p1_b8","pp5_sandspit_control_f_p1_b8","CGTGGTGGGAAC","na","ex027",6,"b8","hakai_2017_eelgrass_transplant","emily_adamczyk",515,"806r","16s_v4",60,"pruth_pocket","pp5","30","sandspit","control","final_eelgrass_swab","pruth_pocket_sandspit"
"pp5_sandspit_control_i_p3_g5","pp5_sandspit_control_i_p3_g5","CATTTACATCAC","na","1663",4,"g5","hakai_2017_eelgrass_transplant","emily_adamczyk",515,"806r","16s_v4",214,"pruth_pocket","pp5","30","sandspit","control","initial_eelgrass_swab","pruth_pocket_sandspit"
"pp5_sandspit_sterile_f_p2_a8","pp5_sandspit_sterile_f_p2_a8","CTGGTAAGTCCA","na","ex022",7,"a8","hakai_2017_eelgrass_transplant","emily_adamczyk",515,"806r","16s_v4",164,"pruth_pocket","pp5","32","sandspit","sterile","final_eelgrass_swab","pruth_pocket_sandspit"
"pp5_sandspit_sterile_i_p3_a11","pp5_sandspit_sterile_i_p3_a11","AGGTGAGTTCTA","na","1629",4,"a11","hakai_2017_eelgrass_transplant","emily_adamczyk",515,"806r","16s_v4",215,"pruth_pocket","pp5","32","sandspit","sterile","initial_eelgrass_swab","pruth_pocket_sandspit"
"pp6_sandspit_asu_f_p1_d10","pp6_sandspit_asu_f_p1_d10","CTCTTCTGATCA","na","ex084",6,"d10","hakai_2017_eelgrass_transplant","emily_adamczyk",515,"806r","16s_v4",61,"pruth_pocket","pp6","na","sandspit","asu","final_eelgrass_swab","pruth_pocket_sandspit"
"pp6_sandspit_control_f_p2_c9","pp6_sandspit_control_f_p2_c9","GAGGCGCCATAG","na","ex123",7,"c9","hakai_2017_eelgrass_transplant","emily_adamczyk",515,"806r","16s_v4",166,"pruth_pocket","pp6","20","sandspit","control","final_eelgrass_swab","pruth_pocket_sandspit"
"pp6_sandspit_control_i_p2_d10","pp6_sandspit_control_i_p2_d10","GAGTCCGTTGCT","na","1676",7,"d10","hakai_2017_eelgrass_transplant","emily_adamczyk",515,"806r","16s_v4",117,"pruth_pocket","pp6","20","sandspit","control","initial_eelgrass_swab","pruth_pocket_sandspit"
"pp6_sandspit_sterile_f_p3_b6","pp6_sandspit_sterile_f_p3_b6","GACCCGTTTCGC","na","ex019",4,"b6","hakai_2017_eelgrass_transplant","emily_adamczyk",515,"806r","16s_v4",251,"pruth_pocket","pp6","5","sandspit","sterile","final_eelgrass_swab","pruth_pocket_sandspit"
"pp6_sandspit_sterile_i_p2_f3","pp6_sandspit_sterile_i_p2_f3","CACATTCTATAA","na","1666",7,"f3","hakai_2017_eelgrass_transplant","emily_adamczyk",515,"806r","16s_v4",118,"pruth_pocket","pp6","5","sandspit","sterile","initial_eelgrass_swab","pruth_pocket_sandspit"
"pp7_pruth_bay_asu_f_p3_d5","pp7_pruth_bay_asu_f_p3_d5","CTCATCATGTTC","na","ex108",4,"d5","hakai_2017_eelgrass_transplant","emily_adamczyk",515,"806r","16s_v4",253,"pruth_pocket","pp7","na","pruth_bay","asu","final_eelgrass_swab","pruth_pocket_pruth_bay"
"pp7_pruth_bay_control_f_p1_f6","pp7_pruth_bay_control_f_p1_f6","GAACAAAGAGCG","na","ex094",6,"f6","hakai_2017_eelgrass_transplant","emily_adamczyk",515,"806r","16s_v4",62,"pruth_pocket","pp7","15","pruth_bay","control","final_eelgrass_swab","pruth_pocket_pruth_bay"
"pp7_pruth_bay_control_i_p1_c9","pp7_pruth_bay_control_i_p1_c9","CGCAGATTAGTA","na","1648",6,"c9","hakai_2017_eelgrass_transplant","emily_adamczyk",515,"806r","16s_v4",20,"pruth_pocket","pp7","15","pruth_bay","control","initial_eelgrass_swab","pruth_pocket_pruth_bay"
"pp7_pruth_bay_sterile_f_p3_b1","pp7_pruth_bay_sterile_f_p3_b1","GTTTGGCCACAC","na","ex100",4,"b1","hakai_2017_eelgrass_transplant","emily_adamczyk",515,"806r","16s_v4",252,"pruth_pocket","pp7","36","pruth_bay","sterile","final_eelgrass_swab","pruth_pocket_pruth_bay"
"pp7_pruth_bay_sterile_i_p3_g7","pp7_pruth_bay_sterile_i_p3_g7","CGGCCTAAGTTC","na","1657",4,"g7","hakai_2017_eelgrass_transplant","emily_adamczyk",515,"806r","16s_v4",216,"pruth_pocket","pp7","36","pruth_bay","sterile","initial_eelgrass_swab","pruth_pocket_pruth_bay"
"pp8_pruth_bay_asu_f_p1_a3","pp8_pruth_bay_asu_f_p1_a3","GAGAGTCCACTT","na","ex125",6,"a3","hakai_2017_eelgrass_transplant","emily_adamczyk",515,"806r","16s_v4",63,"pruth_pocket","pp8","na","pruth_bay","asu","final_eelgrass_swab","pruth_pocket_pruth_bay"
"pp8_pruth_bay_control_f_p2_f8","pp8_pruth_bay_control_f_p2_f8","GCCGCGGGATCA","na","ex138",7,"f8","hakai_2017_eelgrass_transplant","emily_adamczyk",515,"806r","16s_v4",167,"pruth_pocket","pp8","6","pruth_bay","control","final_eelgrass_swab","pruth_pocket_pruth_bay"
"pp8_pruth_bay_control_i_p2_f10","pp8_pruth_bay_control_i_p2_f10","CTGTACTTCTAA","na","1662",7,"f10","hakai_2017_eelgrass_transplant","emily_adamczyk",515,"806r","16s_v4",119,"pruth_pocket","pp8","6","pruth_bay","control","initial_eelgrass_swab","pruth_pocket_pruth_bay"
"pp8_pruth_bay_sterile_f_p2_h6","pp8_pruth_bay_sterile_f_p2_h6","GCCACCGCCGGA","na","ex146",3,"h6","hakai_2017_eelgrass_transplant","emily_adamczyk",515,"806r","16s_v4",168,"pruth_pocket","pp8","49","pruth_bay","sterile","final_eelgrass_swab","pruth_pocket_pruth_bay"
"pruth_bay_water_deployment_p1_b2","pruth_bay_water_deployment_p1_b2","GGTAATAGAGTT","na","1653",6,"b2","hakai_2017_eelgrass_transplant","emily_adamczyk",515,"806r","16s_v4",83,"pruth_bay","water","na","na","deployment","water_filters_(0.22um)","pruth_bay_na"
"pruth_bay_water_deployment_p2_g8","pruth_bay_water_deployment_p2_g8","TCTTAAGATTTG","na","1316",7,"g8","hakai_2017_eelgrass_transplant","emily_adamczyk",515,"806r","16s_v4",188,"pruth_bay","water","na","na","deployment","water_filters_(0.22um)","pruth_bay_na"
"pruth_bay_water_deployment_p3_f5","pruth_bay_water_deployment_p3_f5","GAGTCTTGGTAA","na","1642",4,"f5","hakai_2017_eelgrass_transplant","emily_adamczyk",515,"806r","16s_v4",273,"pruth_bay","water","na","na","deployment","water_filters_(0.22um)","pruth_bay_na"
"pruth_bay_water_recovery_p1_f11","pruth_bay_water_recovery_p1_f11","CGAGGGAAAGTC","na","ex011",6,"f11","hakai_2017_eelgrass_transplant","emily_adamczyk",515,"806r","16s_v4",86,"pruth_bay","water","na","na","recovery","water_filters_(0.22um)","pruth_bay_na"
"pruth_bay_water_recovery_p2_e4","pruth_bay_water_recovery_p2_e4","GTAGGTGCTTAC","na","ex020",7,"e4","hakai_2017_eelgrass_transplant","emily_adamczyk",515,"806r","16s_v4",191,"pruth_bay","water","na","na","recovery","water_filters_(0.22um)","pruth_bay_na"
"pruth_bay_water_recovery_p3_g8","pruth_bay_water_recovery_p3_g8","GCTGAGCCTTTG","na","ex004",4,"g8","hakai_2017_eelgrass_transplant","emily_adamczyk",515,"806r","16s_v4",276,"pruth_bay","water","na","na","recovery","water_filters_(0.22um)","pruth_bay_na"
"pruth_pocket_water_deployment_p1_f1","pruth_pocket_water_deployment_p1_f1","TTGGAACGGCTT","na","1711",6,"f1","hakai_2017_eelgrass_transplant","emily_adamczyk",515,"806r","16s_v4",82,"pruth_pocket","water","na","na","deployment","water_filters_(0.22um)","pruth_pocket_na"
"pruth_pocket_water_deployment_p2_d3","pruth_pocket_water_deployment_p2_d3","CGGTAGTTGATC","na","1320",7,"d3","hakai_2017_eelgrass_transplant","emily_adamczyk",515,"806r","16s_v4",187,"pruth_pocket","water","na","na","deployment","water_filters_(0.22um)","pruth_pocket_na"
"pruth_pocket_water_deployment_p3_e8","pruth_pocket_water_deployment_p3_e8","AGACTATTTCAT","na","1704",4,"e8","hakai_2017_eelgrass_transplant","emily_adamczyk",515,"806r","16s_v4",272,"pruth_pocket","water","na","na","deployment","water_filters_(0.22um)","pruth_pocket_na"
"pruth_pocket_water_recovery_p1_c11","pruth_pocket_water_recovery_p1_c11","GGCCTATAAGTC","na","ex002",6,"c11","hakai_2017_eelgrass_transplant","emily_adamczyk",515,"806r","16s_v4",87,"pruth_pocket","water","na","na","recovery","water_filters_(0.22um)","pruth_pocket_na"
"pruth_pocket_water_recovery_p2_d4","pruth_pocket_water_recovery_p2_d4","TGGTTTCGAAGA","na","ex024",7,"d4","hakai_2017_eelgrass_transplant","emily_adamczyk",515,"806r","16s_v4",192,"pruth_pocket","water","na","na","recovery","water_filters_(0.22um)","pruth_pocket_na"
"pruth_pocket_water_recovery_p3_c11","pruth_pocket_water_recovery_p3_c11","AGCGGTAGCGGT","na","ex137",4,"c11","hakai_2017_eelgrass_transplant","emily_adamczyk",515,"806r","16s_v4",277,"pruth_pocket","water","na","na","recovery","water_filters_(0.22um)","pruth_pocket_na"
"sandspit_water_deployment_p1_e9","sandspit_water_deployment_p1_e9","CAAATGGTCGTC","na","sg194",6,"e9","hakai_2017_eelgrass_transplant","emily_adamczyk",515,"806r","16s_v4",80,"sandspit","water","na","na","deployment","water_filters_(0.22um)","sandspit_na"
"sandspit_water_deployment_p2_a3","sandspit_water_deployment_p2_a3","GAAGATCTATCG","na","sg101",7,"a3","hakai_2017_eelgrass_transplant","emily_adamczyk",515,"806r","16s_v4",185,"sandspit","water","na","na","deployment","water_filters_(0.22um)","sandspit_na"
"sandspit_water_deployment_p3_c3","sandspit_water_deployment_p3_c3","GTCACGGACATT","na","sg188",4,"c3","hakai_2017_eelgrass_transplant","emily_adamczyk",515,"806r","16s_v4",270,"sandspit","water","na","na","deployment","water_filters_(0.22um)","sandspit_na"
"sandspit_water_recovery_p1_e11","sandspit_water_recovery_p1_e11","AAGCCGGGTCCG","na","ex059",6,"e11","hakai_2017_eelgrass_transplant","emily_adamczyk",515,"806r","16s_v4",84,"sandspit","water","na","na","recovery","water_filters_(0.22um)","sandspit_na"
"sandspit_water_recovery_p2_g5","sandspit_water_recovery_p2_g5","TTCACGCGCCCA","na","ex018",7,"g5","hakai_2017_eelgrass_transplant","emily_adamczyk",515,"806r","16s_v4",189,"sandspit","water","na","na","recovery","water_filters_(0.22um)","sandspit_na"
"sandspit_water_recovery_p3_f4","sandspit_water_recovery_p3_f4","TCTACATACATA","na","ex026",4,"f4","hakai_2017_eelgrass_transplant","emily_adamczyk",515,"806r","16s_v4",274,"sandspit","water","na","na","recovery","water_filters_(0.22um)","sandspit_na"
"ss1_pruth_bay_asu_f_p3_c2","ss1_pruth_bay_asu_f_p3_c2","ACTGTTTACTGT","na","ex072",4,"c2","hakai_2017_eelgrass_transplant","emily_adamczyk",515,"806r","16s_v4",240,"sandspit","ss1","n/a","pruth_bay","asu","final_eelgrass_swab","sandspit_pruth_bay"
"ss1_pruth_bay_control_f_p3_d2","ss1_pruth_bay_control_f_p3_d2","CAGGCCACTCTC","na","ex049",4,"d2","hakai_2017_eelgrass_transplant","emily_adamczyk",515,"806r","16s_v4",238,"sandspit","ss1","100","pruth_bay","control","final_eelgrass_swab","sandspit_pruth_bay"
"ss1_pruth_bay_control_i_p2_f4","ss1_pruth_bay_control_i_p2_f4","CGGCGATGAAAG","na","sg199",7,"f4","hakai_2017_eelgrass_transplant","emily_adamczyk",515,"806r","16s_v4",107,"sandspit","ss1","100","pruth_bay","control","initial_eelgrass_swab","sandspit_pruth_bay"
"ss1_pruth_bay_sterile_f_p3_e2","ss1_pruth_bay_sterile_f_p3_e2","ACCCAAGCGTTA","na","ex078",4,"e2","hakai_2017_eelgrass_transplant","emily_adamczyk",515,"806r","16s_v4",239,"sandspit","ss1","90","pruth_bay","sterile","final_eelgrass_swab","sandspit_pruth_bay"
"ss10_pruth_pocket_asu_f_p2_d11","ss10_pruth_pocket_asu_f_p2_d11","TAACCACCAACG","na","ex066",7,"d11","hakai_2017_eelgrass_transplant","emily_adamczyk",515,"806r","16s_v4",156,"sandspit","ss10","n/a","pruth_pocket","asu","final_eelgrass_swab","sandspit_pruth_pocket"
"ss10_pruth_pocket_control_f_p2_f11","ss10_pruth_pocket_control_f_p2_f11","TAGGCATGCTTG","na","ex056",7,"f11","hakai_2017_eelgrass_transplant","emily_adamczyk",515,"806r","16s_v4",154,"sandspit","ss10","88","pruth_pocket","control","final_eelgrass_swab","sandspit_pruth_pocket"
"ss10_pruth_pocket_control_i_p3_h8","ss10_pruth_pocket_control_i_p3_h8","ACTTAGACTCTT","na","sg185",4,"h8","hakai_2017_eelgrass_transplant","emily_adamczyk",515,"806r","16s_v4",207,"sandspit","ss10","88","pruth_pocket","control","initial_eelgrass_swab","sandspit_pruth_pocket"
"ss10_pruth_pocket_sterile_f_p2_e11","ss10_pruth_pocket_sterile_f_p2_e11","TAGCGACCTCAC","na","ex065",7,"e11","hakai_2017_eelgrass_transplant","emily_adamczyk",515,"806r","16s_v4",155,"sandspit","ss10","71","pruth_pocket","sterile","final_eelgrass_swab","sandspit_pruth_pocket"
"ss10_pruth_pocket_sterile_i_p1_a4","ss10_pruth_pocket_sterile_i_p1_a4","CTAACCTCATAT","na","sg141",6,"a4","hakai_2017_eelgrass_transplant","emily_adamczyk",515,"806r","16s_v4",11,"sandspit","ss10","71","pruth_pocket","sterile","initial_eelgrass_swab","sandspit_pruth_pocket"
"ss11_pruth_bay_asu_f_p1_g2","ss11_pruth_bay_asu_f_p1_g2","GCTATATCCAGG","na","ex055",6,"g2","hakai_2017_eelgrass_transplant","emily_adamczyk",515,"806r","16s_v4",49,"sandspit","ss11","n/a","pruth_bay","asu","final_eelgrass_swab","sandspit_pruth_bay"
"ss11_pruth_bay_control_f_p1_b4","ss11_pruth_bay_control_f_p1_b4","CTTCGGAGGGAG","na","ex076",6,"b4","hakai_2017_eelgrass_transplant","emily_adamczyk",515,"806r","16s_v4",47,"sandspit","ss11","83","pruth_bay","control","final_eelgrass_swab","sandspit_pruth_bay"
"ss11_pruth_bay_control_i_p1_a10","ss11_pruth_bay_control_i_p1_a10","ATTTGAAGAGGT","na","sg172",6,"a10","hakai_2017_eelgrass_transplant","emily_adamczyk",515,"806r","16s_v4",12,"sandspit","ss11","83","pruth_bay","control","initial_eelgrass_swab","sandspit_pruth_bay"
"ss11_pruth_bay_sterile_f_p1_f3","ss11_pruth_bay_sterile_f_p1_f3","TTATACGTTGTA","na","ex034",6,"f3","hakai_2017_eelgrass_transplant","emily_adamczyk",515,"806r","16s_v4",48,"sandspit","ss11","87","pruth_bay","sterile","final_eelgrass_swab","sandspit_pruth_bay"
"ss12_wolf_asu_f_p1_f5","ss12_wolf_asu_f_p1_f5","GCCAAGGATAGG","na","ex510",6,"f5","hakai_2017_eelgrass_transplant","emily_adamczyk",515,"806r","16s_v4",52,"sandspit","ss12","n/a","wolf","asu","final_eelgrass_swab","sandspit_wolf"
"ss12_wolf_control_f_p1_h5","ss12_wolf_control_f_p1_h5","CTCACGCAATGC","na","ex512",6,"h5","hakai_2017_eelgrass_transplant","emily_adamczyk",515,"806r","16s_v4",50,"sandspit","ss12","61","wolf","control","final_eelgrass_swab","sandspit_wolf"
"ss12_wolf_control_i_p1_b11","ss12_wolf_control_i_p1_b11","AGCCCGCAAAGG","na","sg129",6,"b11","hakai_2017_eelgrass_transplant","emily_adamczyk",515,"806r","16s_v4",14,"sandspit","ss12","61","wolf","control","initial_eelgrass_swab","sandspit_wolf"
"ss12_wolf_sterile_f_p1_g5","ss12_wolf_sterile_f_p1_g5","AATCTAACAATT","na","ex046",6,"g5","hakai_2017_eelgrass_transplant","emily_adamczyk",515,"806r","16s_v4",51,"sandspit","ss12","56","wolf","sterile","final_eelgrass_swab","sandspit_wolf"
"ss12_wolf_sterile_i_p3_e3","ss12_wolf_sterile_i_p3_e3","ACTGGCAAACCT","na","sg144",4,"e3","hakai_2017_eelgrass_transplant","emily_adamczyk",515,"806r","16s_v4",208,"sandspit","ss12","56","wolf","sterile","initial_eelgrass_swab","sandspit_wolf"
"ss13_wolf_asu_f_p2_a9","ss13_wolf_asu_f_p2_a9","GGACTTCCAGCT","na","ex010",7,"a9","hakai_2017_eelgrass_transplant","emily_adamczyk",515,"806r","16s_v4",157,"sandspit","ss13","n/a","wolf","asu","final_eelgrass_swab","sandspit_wolf"
"ss13_wolf_control_f_p3_f10","ss13_wolf_control_f_p3_f10","CGGTTGGCGGGT","na","ex505",4,"f10","hakai_2017_eelgrass_transplant","emily_adamczyk",515,"806r","16s_v4",244,"sandspit","ss13","58","wolf","control","final_eelgrass_swab","sandspit_wolf"
"ss13_wolf_control_i_p3_d4","ss13_wolf_control_i_p3_d4","ACCAGAAATGTC","na","sg113",4,"d4","hakai_2017_eelgrass_transplant","emily_adamczyk",515,"806r","16s_v4",209,"sandspit","ss13","58","wolf","control","initial_eelgrass_swab","sandspit_wolf"
"ss13_wolf_sterile_f_p3_a10","ss13_wolf_sterile_f_p3_a10","TGCTACAGACGT","na","ex511",4,"a10","hakai_2017_eelgrass_transplant","emily_adamczyk",515,"806r","16s_v4",245,"sandspit","ss13","55","wolf","sterile","final_eelgrass_swab","sandspit_wolf"
"ss13_wolf_sterile_i_p1_g9","ss13_wolf_sterile_i_p1_g9","ATAGACACTCCG","na","sg170",6,"g9","hakai_2017_eelgrass_transplant","emily_adamczyk",515,"806r","16s_v4",15,"sandspit","ss13","55","wolf","sterile","initial_eelgrass_swab","sandspit_wolf"
"ss14_sandspit_asu_f_p1_c5","ss14_sandspit_asu_f_p1_c5","AGCAACATTGCA","na","ex060",6,"c5","hakai_2017_eelgrass_transplant","emily_adamczyk",515,"806r","16s_v4",54,"sandspit","ss14","n/a","sandspit","asu","final_eelgrass_swab","sandspit_sandspit"
"ss14_sandspit_control_f_p3_d11","ss14_sandspit_control_f_p3_d11","CGCACGTACCTC","na","ex058",4,"d11","hakai_2017_eelgrass_transplant","emily_adamczyk",515,"806r","16s_v4",246,"sandspit","ss14","77","sandspit","control","final_eelgrass_swab","sandspit_sandspit"
"ss14_sandspit_control_i_p2_e5","ss14_sandspit_control_i_p2_e5","GTGGGCGGCCCT","na","sg139",7,"e5","hakai_2017_eelgrass_transplant","emily_adamczyk",515,"806r","16s_v4",113,"sandspit","ss14","77","sandspit","control","initial_eelgrass_swab","sandspit_sandspit"
"ss14_sandspit_sterile_f_p1_e5","ss14_sandspit_sterile_f_p1_e5","CAGTAGCGATAT","na","ex073",6,"e5","hakai_2017_eelgrass_transplant","emily_adamczyk",515,"806r","16s_v4",53,"sandspit","ss14","53","sandspit","sterile","final_eelgrass_swab","sandspit_sandspit"
"ss14_sandspit_sterile_i_p1_h9","ss14_sandspit_sterile_i_p1_h9","CTTTGATAATAA","na","sg031",6,"h9","hakai_2017_eelgrass_transplant","emily_adamczyk",515,"806r","16s_v4",16,"sandspit","ss14","53","sandspit","sterile","initial_eelgrass_swab","sandspit_sandspit"
"ss15_sandspit_asu_f_p2_e12","ss15_sandspit_asu_f_p2_e12","CAAACCTATGGC","na","ex504",3,"e12","hakai_2017_eelgrass_transplant","emily_adamczyk",515,"806r","16s_v4",159,"sandspit","ss15","n/a","sandspit","asu","final_eelgrass_swab","sandspit_sandspit"
"ss15_sandspit_control_f_p1_g8","ss15_sandspit_control_f_p1_g8","AGACAGTAGGAG","na","ex501",6,"g8","hakai_2017_eelgrass_transplant","emily_adamczyk",515,"806r","16s_v4",55,"sandspit","ss15","59","sandspit","control","final_eelgrass_swab","sandspit_sandspit"
"ss15_sandspit_control_i_p3_c4","ss15_sandspit_control_i_p3_c4","GAATATACCTGG","na","sg175",4,"c4","hakai_2017_eelgrass_transplant","emily_adamczyk",515,"806r","16s_v4",210,"sandspit","ss15","59","sandspit","control","initial_eelgrass_swab","sandspit_sandspit"
"ss15_sandspit_sterile_f_p2_d12","ss15_sandspit_sterile_f_p2_d12","TCGTCTGATATT","na","ex042",7,"d12","hakai_2017_eelgrass_transplant","emily_adamczyk",515,"806r","16s_v4",158,"sandspit","ss15","80","sandspit","sterile","final_eelgrass_swab","sandspit_sandspit"
"ss15_sandspit_sterile_i_p2_g3","ss15_sandspit_sterile_i_p2_g3","GCGTTAACCCAA","na","sg134",7,"g3","hakai_2017_eelgrass_transplant","emily_adamczyk",515,"806r","16s_v4",114,"sandspit","ss15","80","sandspit","sterile","initial_eelgrass_swab","sandspit_sandspit"
"ss2_pruth_pocket_asu_f_p2_g11","ss2_pruth_pocket_asu_f_p2_g11","GGCCCTGTGGGC","na","ex069",7,"g10","hakai_2017_eelgrass_transplant","emily_adamczyk",515,"806r","16s_v4",147,"sandspit","ss2","n/a","pruth_pocket","asu","final_eelgrass_swab","sandspit_pruth_pocket"
"ss2_pruth_pocket_control_f_p2_c12","ss2_pruth_pocket_control_f_p2_c12","GCTAGACACTAC","na","ex033",7,"c12","hakai_2017_eelgrass_transplant","emily_adamczyk",515,"806r","16s_v4",145,"sandspit","ss2","86","pruth_pocket","control","final_eelgrass_swab","sandspit_pruth_pocket"
"ss2_pruth_pocket_control_i_p2_e1","ss2_pruth_pocket_control_i_p2_e1","ACATCAGGTCAC","na","sg150",7,"e1","hakai_2017_eelgrass_transplant","emily_adamczyk",515,"806r","16s_v4",108,"sandspit","ss2","86","pruth_pocket","control","initial_eelgrass_swab","sandspit_pruth_pocket"
"ss2_pruth_pocket_sterile_f_p2_b12","ss2_pruth_pocket_sterile_f_p2_b12","GTCGGGCCGGTA","na","ex032",7,"b12","hakai_2017_eelgrass_transplant","emily_adamczyk",515,"806r","16s_v4",146,"sandspit","ss2","82","pruth_pocket","sterile","final_eelgrass_swab","sandspit_pruth_pocket"
"ss2_pruth_pocket_sterile_i_p3_b4","ss2_pruth_pocket_sterile_i_p3_b4","CCACTGCCCACC","na","sg161",4,"b4","hakai_2017_eelgrass_transplant","emily_adamczyk",515,"806r","16s_v4",204,"sandspit","ss2","82","pruth_pocket","sterile","initial_eelgrass_swab","sandspit_pruth_pocket"
"ss3_wolf_asu_f_p2_c7","ss3_wolf_asu_f_p2_c7","GACGTCCCTCCA","na","ex080",7,"c7","hakai_2017_eelgrass_transplant","emily_adamczyk",515,"806r","16s_v4",150,"sandspit","ss3","n/a","wolf","asu","final_eelgrass_swab","sandspit_wolf"
"ss3_wolf_control_f_p2_a7","ss3_wolf_control_f_p2_a7","AGGGAGCTTCGG","na","ex061",7,"a7","hakai_2017_eelgrass_transplant","emily_adamczyk",515,"806r","16s_v4",148,"sandspit","ss3","57","wolf","control","final_eelgrass_swab","sandspit_wolf"
"ss3_wolf_control_i_p2_f5","ss3_wolf_control_i_p2_f5","GTTGGGATCCTC","na","sg191",7,"f5","hakai_2017_eelgrass_transplant","emily_adamczyk",515,"806r","16s_v4",109,"sandspit","ss3","57","wolf","control","initial_eelgrass_swab","sandspit_wolf"
"ss3_wolf_sterile_f_p2_b7","ss3_wolf_sterile_f_p2_b7","TGTATGCTTCTA","na","ex014",7,"b7","hakai_2017_eelgrass_transplant","emily_adamczyk",515,"806r","16s_v4",149,"sandspit","ss3","62","wolf","sterile","final_eelgrass_swab","sandspit_wolf"
"ss3_wolf_sterile_i_p2_e3","ss3_wolf_sterile_i_p2_e3","AGTTATTCTAGT","na","sg102",7,"e3","hakai_2017_eelgrass_transplant","emily_adamczyk",515,"806r","16s_v4",110,"sandspit","ss3","62","wolf","sterile","initial_eelgrass_swab","sandspit_wolf"
"ss7_pruth_bay_asu_f_p2_b11","ss7_pruth_bay_asu_f_p2_b11","CGGGTCCTCTTG","na","ex035",7,"b11","hakai_2017_eelgrass_transplant","emily_adamczyk",515,"806r","16s_v4",153,"sandspit","ss7","n/a","pruth_bay","asu","final_eelgrass_swab","sandspit_pruth_bay"
"ss7_pruth_bay_control_f_p2_a11","ss7_pruth_bay_control_f_p2_a11","CATGAACAGTGT","na","ex057",7,"a11","hakai_2017_eelgrass_transplant","emily_adamczyk",515,"806r","16s_v4",151,"sandspit","ss7","84","pruth_bay","control","final_eelgrass_swab","sandspit_pruth_bay"
"ss7_pruth_bay_control_i_p3_a4","ss7_pruth_bay_control_i_p3_a4","CTCCGAACAACA","na","sg178",4,"a4","hakai_2017_eelgrass_transplant","emily_adamczyk",515,"806r","16s_v4",205,"sandspit","ss7","84","pruth_bay","control","initial_eelgrass_swab","sandspit_pruth_bay"
"ss7_pruth_bay_sterile_f_p2_h10","ss7_pruth_bay_sterile_f_p2_h10","GCATCGTCTGGT","na","ex068",7,"h10","hakai_2017_eelgrass_transplant","emily_adamczyk",515,"806r","16s_v4",152,"sandspit","ss7","81","pruth_bay","sterile","final_eelgrass_swab","sandspit_pruth_bay"
"ss7_pruth_bay_sterile_i_p2_h3","ss7_pruth_bay_sterile_i_p2_h3","TTCGACTAATAT","na","sg184",7,"h3","hakai_2017_eelgrass_transplant","emily_adamczyk",515,"806r","16s_v4",111,"sandspit","ss7","81","pruth_bay","sterile","initial_eelgrass_swab","sandspit_pruth_bay"
"ss8_sandspit_asu_f_p3_h5","ss8_sandspit_asu_f_p3_h5","TTCTTAACGCCT","na","ex051",4,"h5","hakai_2017_eelgrass_transplant","emily_adamczyk",515,"806r","16s_v4",243,"sandspit","ss8","n/a","sandspit","asu","final_eelgrass_swab","sandspit_sandspit"
"ss8_sandspit_control_f_p3_h6","ss8_sandspit_control_f_p3_h6","CTCCCGAGCTCC","na","ex075",4,"h6","hakai_2017_eelgrass_transplant","emily_adamczyk",515,"806r","16s_v4",241,"sandspit","ss8","65","sandspit","control","final_eelgrass_swab","sandspit_sandspit"
"ss8_sandspit_control_i_p1_d11","ss8_sandspit_control_i_p1_d11","CGCGGCGCAGCT","na","sg105",6,"d11","hakai_2017_eelgrass_transplant","emily_adamczyk",515,"806r","16s_v4",9,"sandspit","ss8","65","sandspit","control","initial_eelgrass_swab","sandspit_sandspit"
"ss8_sandspit_sterile_f_p3_a6","ss8_sandspit_sterile_f_p3_a6","AGTAGTTTCCTT","na","ex507",4,"a6","hakai_2017_eelgrass_transplant","emily_adamczyk",515,"806r","16s_v4",242,"sandspit","ss8","78","sandspit","sterile","final_eelgrass_swab","sandspit_sandspit"
"ss8_sandspit_sterile_i_p3_d3","ss8_sandspit_sterile_i_p3_d3","ACAGTTGTACGC","na","sg126",4,"d3","hakai_2017_eelgrass_transplant","emily_adamczyk",515,"806r","16s_v4",206,"sandspit","ss8","78","sandspit","sterile","initial_eelgrass_swab","sandspit_sandspit"
"ss9_pruth_pocket_asu_f_p1_h10","ss9_pruth_pocket_asu_f_p1_h10","CATAAATTCTTG","na","ex054",6,"h10","hakai_2017_eelgrass_transplant","emily_adamczyk",515,"806r","16s_v4",46,"sandspit","ss9","n/a","pruth_pocket","asu","final_eelgrass_swab","sandspit_pruth_pocket"
"ss9_pruth_pocket_control_f_p1_g10","ss9_pruth_pocket_control_f_p1_g10","ACGGCCCTGGAG","na","ex067",6,"g10","hakai_2017_eelgrass_transplant","emily_adamczyk",515,"806r","16s_v4",44,"sandspit","ss9","85","pruth_pocket","control","final_eelgrass_swab","sandspit_pruth_pocket"
"ss9_pruth_pocket_control_i_p1_c4","ss9_pruth_pocket_control_i_p1_c4","GTGACCCTGTCA","na","sg143",6,"c4","hakai_2017_eelgrass_transplant","emily_adamczyk",515,"806r","16s_v4",10,"sandspit","ss9","85","pruth_pocket","control","initial_eelgrass_swab","sandspit_pruth_pocket"
"ss9_pruth_pocket_sterile_f_p1_f10","ss9_pruth_pocket_sterile_f_p1_f10","CTTGAGAAATCG","na","ex047",6,"f10","hakai_2017_eelgrass_transplant","emily_adamczyk",515,"806r","16s_v4",45,"sandspit","ss9","66","pruth_pocket","sterile","final_eelgrass_swab","sandspit_pruth_pocket"
"ss9_pruth_pocket_sterile_i_p2_d1","ss9_pruth_pocket_sterile_i_p2_d1","TCACTGCTAGGA","na","sg138",7,"d1","hakai_2017_eelgrass_transplant","emily_adamczyk",515,"806r","16s_v4",112,"sandspit","ss9","66","pruth_pocket","sterile","initial_eelgrass_swab","sandspit_pruth_pocket"
"wo1_wolf_asu_f_p3_a2","wo1_wolf_asu_f_p3_a2","AAGTCTTATCTC","na","ex031",4,"a2","hakai_2017_eelgrass_transplant","emily_adamczyk",515,"806r","16s_v4",227,"wolf","wo1","na","wolf","asu","final_eelgrass_swab","wolf_wolf"
"wo1_wolf_control_f_p2_f12","wo1_wolf_control_f_p2_f12","AATAGTCGTGAC","na","ex028",7,"f12","hakai_2017_eelgrass_transplant","emily_adamczyk",515,"806r","16s_v4",131,"wolf","wo1","74","wolf","control","final_eelgrass_swab","wolf_wolf"
"wo1_wolf_control_i_p3_c8","wo1_wolf_control_i_p3_c8","CCATGTGGCTCC","na","sg146",4,"c8","hakai_2017_eelgrass_transplant","emily_adamczyk",515,"806r","16s_v4",195,"wolf","wo1","74","wolf","control","initial_eelgrass_swab","wolf_wolf"
"wo1_wolf_sterile_f_p2_g12","wo1_wolf_sterile_f_p2_g12","GAGGCCTCGGGT","na","ex009",7,"g12","hakai_2017_eelgrass_transplant","emily_adamczyk",515,"806r","16s_v4",132,"wolf","wo1","67","wolf","sterile","final_eelgrass_swab","wolf_wolf"
"wo1_wolf_sterile_i_p1_f2","wo1_wolf_sterile_i_p1_f2","TGTTGCGTTTCT","na","sg135",6,"f2","hakai_2017_eelgrass_transplant","emily_adamczyk",515,"806r","16s_v4",1,"wolf","wo1","67","wolf","sterile","initial_eelgrass_swab","wolf_wolf"
"wo10_sandspit_asu_f_p2_h9","wo10_sandspit_asu_f_p2_h9","ATGCGCCCGTAT","na","ex052",7,"h9","hakai_2017_eelgrass_transplant","emily_adamczyk",515,"806r","16s_v4",136,"wolf","wo10","n/a","sandspit","asu","final_eelgrass_swab","wolf_sandspit"
"wo10_sandspit_control_f_p2_b9","wo10_sandspit_control_f_p2_b9","CGATATCAGTAG","na","ex077",7,"b9","hakai_2017_eelgrass_transplant","emily_adamczyk",515,"806r","16s_v4",134,"wolf","wo10","73","sandspit","control","final_eelgrass_swab","wolf_sandspit"
"wo10_sandspit_control_i_p1_b1","wo10_sandspit_control_i_p1_b1","GCAAGAATACAT","na","sg152",6,"b1","hakai_2017_eelgrass_transplant","emily_adamczyk",515,"806r","16s_v4",4,"wolf","wo10","73","sandspit","control","initial_eelgrass_swab","wolf_sandspit"
"wo10_sandspit_sterile_f_p2_a10","wo10_sandspit_sterile_f_p2_a10","GGAGGAGCAATA","na","ex147",7,"a10","hakai_2017_eelgrass_transplant","emily_adamczyk",515,"806r","16s_v4",135,"wolf","wo10","60","sandspit","sterile","final_eelgrass_swab","wolf_sandspit"
"wo10_sandspit_sterile_i_p2_f2","wo10_sandspit_sterile_i_p2_f2","TTCCGAATCGGC","na","sg103",7,"f2","hakai_2017_eelgrass_transplant","emily_adamczyk",515,"806r","16s_v4",104,"wolf","wo10","60","sandspit","sterile","initial_eelgrass_swab","wolf_sandspit"
"wo11_pruth_bay_asu_f_p1_c7","wo11_pruth_bay_asu_f_p1_c7","GTTGACCATCGC","na","ex008",6,"c7","hakai_2017_eelgrass_transplant","emily_adamczyk",515,"806r","16s_v4",43,"wolf","wo11","n/a","pruth_bay","asu","final_eelgrass_swab","wolf_pruth_bay"
"wo11_pruth_bay_control_f_p1_e7","wo11_pruth_bay_control_f_p1_e7","TATCGTTATCGT","na","ex506",6,"e7","hakai_2017_eelgrass_transplant","emily_adamczyk",515,"806r","16s_v4",41,"wolf","wo11","96","pruth_bay","control","final_eelgrass_swab","wolf_pruth_bay"
"wo11_pruth_bay_control_i_p1_a11","wo11_pruth_bay_control_i_p1_a11","GTCAATTAGTGG","na","sg159",6,"a11","hakai_2017_eelgrass_transplant","emily_adamczyk",515,"806r","16s_v4",5,"wolf","wo11","96","pruth_bay","control","initial_eelgrass_swab","wolf_pruth_bay"
"wo11_pruth_bay_sterile_f_p1_d7","wo11_pruth_bay_sterile_f_p1_d7","CCAGATATAGCA","na","ex015",6,"d7","hakai_2017_eelgrass_transplant","emily_adamczyk",515,"806r","16s_v4",42,"wolf","wo11","98","pruth_bay","sterile","final_eelgrass_swab","wolf_pruth_bay"
"wo11_pruth_bay_sterile_i_p1_d8","wo11_pruth_bay_sterile_i_p1_d8","TCATACAGCCAG","na","sg165",6,"d8","hakai_2017_eelgrass_transplant","emily_adamczyk",515,"806r","16s_v4",6,"wolf","wo11","98","pruth_bay","sterile","initial_eelgrass_swab","wolf_pruth_bay"
"wo13_pruth_pocket_asu_f_p2_b6","wo13_pruth_pocket_asu_f_p2_b6","ATACTGAGTGAA","na","ex037",7,"b6","hakai_2017_eelgrass_transplant","emily_adamczyk",515,"806r","16s_v4",139,"wolf","wo13","n/a","pruth_pocket","asu","final_eelgrass_swab","wolf_pruth_pocket"
"wo13_pruth_pocket_control_f_p2_e6","wo13_pruth_pocket_control_f_p2_e6","AGTCTTAAAGGA","na","ex030",7,"e6","hakai_2017_eelgrass_transplant","emily_adamczyk",515,"806r","16s_v4",137,"wolf","wo13","94","pruth_pocket","control","final_eelgrass_swab","wolf_pruth_pocket"
"wo13_pruth_pocket_control_i_p3_f3","wo13_pruth_pocket_control_i_p3_f3","GCATTCGGCGTT","na","sg028",4,"f3","hakai_2017_eelgrass_transplant","emily_adamczyk",515,"806r","16s_v4",201,"wolf","wo13","94","pruth_pocket","control","initial_eelgrass_swab","wolf_pruth_pocket"
"wo13_pruth_pocket_sterile_f_p2_c6","wo13_pruth_pocket_sterile_f_p2_c6","TACACGCTGATG","na","ex021",7,"c6","hakai_2017_eelgrass_transplant","emily_adamczyk",515,"806r","16s_v4",138,"wolf","wo13","72","pruth_pocket","sterile","final_eelgrass_swab","wolf_pruth_pocket"
"wo14_pruth_bay_asu_f_p2_e2","wo14_pruth_bay_asu_f_p2_e2","CAGACCGGACGA","na","ex148",7,"e2","hakai_2017_eelgrass_transplant","emily_adamczyk",515,"806r","16s_v4",142,"wolf","wo14","n/a","pruth_bay","asu","final_eelgrass_swab","wolf_pruth_bay"
"wo14_pruth_bay_control_f_p2_d2","wo14_pruth_bay_control_f_p2_d2","GGTCCTTCCCGA","na","ex150",7,"d2","hakai_2017_eelgrass_transplant","emily_adamczyk",515,"806r","16s_v4",140,"wolf","wo14","91","pruth_bay","control","final_eelgrass_swab","wolf_pruth_bay"
"wo14_pruth_bay_control_i_p2_b5","wo14_pruth_bay_control_i_p2_b5","GTGTAATGTAGA","na","sg131",7,"b5","hakai_2017_eelgrass_transplant","emily_adamczyk",515,"806r","16s_v4",106,"wolf","wo14","91","pruth_bay","control","initial_eelgrass_swab","wolf_pruth_bay"
"wo14_pruth_bay_sterile_f_p2_c2","wo14_pruth_bay_sterile_f_p2_c2","CCGCATGACCTA","na","ex043",7,"c2","hakai_2017_eelgrass_transplant","emily_adamczyk",515,"806r","16s_v4",141,"wolf","wo14","92","pruth_bay","sterile","final_eelgrass_swab","wolf_pruth_bay"
"wo15_pruth_pocket_asu_f_p3_b11","wo15_pruth_pocket_asu_f_p3_b11","CCGCCAGCTTTG","na","ex050",4,"b11","hakai_2017_eelgrass_transplant","emily_adamczyk",515,"806r","16s_v4",237,"wolf","wo15","n/a","pruth_pocket","asu","final_eelgrass_swab","wolf_pruth_pocket"
"wo15_pruth_pocket_control_f_p2_h11","wo15_pruth_pocket_control_f_p2_h11","CAGCCCTACCCA","na","ex040",3,"h11","hakai_2017_eelgrass_transplant","emily_adamczyk",515,"806r","16s_v4",143,"wolf","wo15","95","pruth_pocket","control","final_eelgrass_swab","wolf_pruth_pocket"
"wo15_pruth_pocket_control_i_p1_h4","wo15_pruth_pocket_control_i_p1_h4","ACGCCGAGGTAG","na","sg023",6,"h4","hakai_2017_eelgrass_transplant","emily_adamczyk",515,"806r","16s_v4",7,"wolf","wo15","95","pruth_pocket","control","initial_eelgrass_swab","wolf_pruth_pocket"
"wo15_pruth_pocket_sterile_f_p2_a12","wo15_pruth_pocket_sterile_f_p2_a12","TAGGTAACCGAT","na","ex079",7,"a12","hakai_2017_eelgrass_transplant","emily_adamczyk",515,"806r","16s_v4",144,"wolf","wo15","89","pruth_pocket","sterile","final_eelgrass_swab","wolf_pruth_pocket"
"wo15_pruth_pocket_sterile_i_p1_e10","wo15_pruth_pocket_sterile_i_p1_e10","ACACGCGGTTTA","na","sg148",6,"e10","hakai_2017_eelgrass_transplant","emily_adamczyk",515,"806r","16s_v4",8,"wolf","wo15","89","pruth_pocket","sterile","initial_eelgrass_swab","wolf_pruth_pocket"
"wo2_pruth_bay_asu_f_p3_h9","wo2_pruth_bay_asu_f_p3_h9","GGACCTGGATGG","na","ex045",4,"h9","hakai_2017_eelgrass_transplant","emily_adamczyk",515,"806r","16s_v4",230,"wolf","wo2","na","pruth_bay","asu","final_eelgrass_swab","wolf_pruth_bay"
"wo2_pruth_bay_control_f_p3_f9","wo2_pruth_bay_control_f_p3_f9","CGTGAGGACCAG","na","ex062",4,"f9","hakai_2017_eelgrass_transplant","emily_adamczyk",515,"806r","16s_v4",228,"wolf","wo2","76","pruth_bay","control","final_eelgrass_swab","wolf_pruth_bay"
"wo2_pruth_bay_sterile_f_p3_g9","wo2_pruth_bay_sterile_f_p3_g9","AGAGACGCGTAG","na","ex038",4,"g9","hakai_2017_eelgrass_transplant","emily_adamczyk",515,"806r","16s_v4",229,"wolf","wo2","97","pruth_bay","sterile","final_eelgrass_swab","wolf_pruth_bay"
"wo2_pruth_bay_sterile_i_p2_c4","wo2_pruth_bay_sterile_i_p2_c4","AGTAATAACAAG","na","sg151",7,"c4","hakai_2017_eelgrass_transplant","emily_adamczyk",515,"806r","16s_v4",99,"wolf","wo2","97","pruth_bay","sterile","initial_eelgrass_swab","wolf_pruth_bay"
"wo3_sandspit_asu_f_p3_a7","wo3_sandspit_asu_f_p3_a7","CAGATCCCAACC","na","ex503",4,"a7","hakai_2017_eelgrass_transplant","emily_adamczyk",515,"806r","16s_v4",233,"wolf","wo3","na","sandspit","asu","final_eelgrass_swab","wolf_sandspit"
"wo3_sandspit_control_f_p3_f7","wo3_sandspit_control_f_p3_f7","GTTCGAGTGAAT","na","ex074",4,"f7","hakai_2017_eelgrass_transplant","emily_adamczyk",515,"806r","16s_v4",231,"wolf","wo3","69","sandspit","control","final_eelgrass_swab","wolf_sandspit"
"wo3_sandspit_control_i_p3_b9","wo3_sandspit_control_i_p3_b9","TCTAACGAGTGC","na","sg140",4,"b9","hakai_2017_eelgrass_transplant","emily_adamczyk",515,"806r","16s_v4",197,"wolf","wo3","69","sandspit","control","initial_eelgrass_swab","wolf_sandspit"
"wo4_sandspit_asu_f_p1_b6","wo4_sandspit_asu_f_p1_b6","TTGCGACAAAGT","na","ex064",6,"b6","hakai_2017_eelgrass_transplant","emily_adamczyk",515,"806r","16s_v4",35,"wolf","wo4","na","sandspit","asu","final_eelgrass_swab","wolf_sandspit"
"wo4_sandspit_control_f_p1_d5","wo4_sandspit_control_f_p1_d5","GCTTCATTTCTG","na","ex006",6,"d5","hakai_2017_eelgrass_transplant","emily_adamczyk",515,"806r","16s_v4",33,"wolf","wo4","54","sandspit","control","final_eelgrass_swab","wolf_sandspit"
"wo4_sandspit_control_i_p2_c5","wo4_sandspit_control_i_p2_c5","CTTCTTCGCCCT","na","sg162",7,"c5","hakai_2017_eelgrass_transplant","emily_adamczyk",515,"806r","16s_v4",100,"wolf","wo4","54","sandspit","control","initial_eelgrass_swab","wolf_sandspit"
"wo4_sandspit_sterile_f_p1_e4","wo4_sandspit_sterile_f_p1_e4","TAGGAGAGACAG","na","ex039",6,"e4","hakai_2017_eelgrass_transplant","emily_adamczyk",515,"806r","16s_v4",34,"wolf","wo4","75","sandspit","sterile","final_eelgrass_swab","wolf_sandspit"
"wo4_sandspit_sterile_i_p1_a1","wo4_sandspit_sterile_i_p1_a1","GTTCGGTGTCCA","na","sg145",6,"a1","hakai_2017_eelgrass_transplant","emily_adamczyk",515,"806r","16s_v4",2,"wolf","wo4","75","sandspit","sterile","initial_eelgrass_swab","wolf_sandspit"
"wo5_wolf_asu_f_p3_g1","wo5_wolf_asu_f_p3_g1","TACTGTACTGTT","na","ex142",4,"g1","hakai_2017_eelgrass_transplant","emily_adamczyk",515,"806r","16s_v4",236,"wolf","wo5","na","wolf","asu","final_eelgrass_swab","wolf_wolf"
"wo5_wolf_control_f_p3_h1","wo5_wolf_control_f_p3_h1","CTAGAGCTCCCA","na","ex139",4,"h1","hakai_2017_eelgrass_transplant","emily_adamczyk",515,"806r","16s_v4",234,"wolf","wo5","79","wolf","control","final_eelgrass_swab","wolf_wolf"
"wo5_wolf_control_i_p1_h2","wo5_wolf_control_i_p1_h2","TGAAAGCGGCGA","na","sg196",6,"h2","hakai_2017_eelgrass_transplant","emily_adamczyk",515,"806r","16s_v4",3,"wolf","wo5","79","wolf","control","initial_eelgrass_swab","wolf_wolf"
"wo5_wolf_sterile_f_p3_a1","wo5_wolf_sterile_f_p3_a1","TAGGACGGGAGT","na","ex070",4,"a1","hakai_2017_eelgrass_transplant","emily_adamczyk",515,"806r","16s_v4",235,"wolf","wo5","70","wolf","sterile","final_eelgrass_swab","wolf_wolf"
"wo8_wolf_asu_f_p1_e8","wo8_wolf_asu_f_p1_e8","ATGTATCAATTA","na","ex071",6,"e8","hakai_2017_eelgrass_transplant","emily_adamczyk",515,"806r","16s_v4",37,"wolf","wo8","n/a","wolf","asu","final_eelgrass_swab","wolf_wolf"
"wo8_wolf_control_f_p1_c8","wo8_wolf_control_f_p1_c8","AGACACCAATGT","na","ex044",6,"c8","hakai_2017_eelgrass_transplant","emily_adamczyk",515,"806r","16s_v4",36,"wolf","wo8","68","wolf","control","final_eelgrass_swab","wolf_wolf"
"wo8_wolf_control_i_p2_g2","wo8_wolf_control_i_p2_g2","GCATGTCGAAAT","na","sg189",7,"g2","hakai_2017_eelgrass_transplant","emily_adamczyk",515,"806r","16s_v4",101,"wolf","wo8","68","wolf","control","initial_eelgrass_swab","wolf_wolf"
"wo8_wolf_sterile_f_p2_a2","wo8_wolf_sterile_f_p2_a2","TGGAATTCGGCT","na","ex048",7,"a2","hakai_2017_eelgrass_transplant","emily_adamczyk",515,"806r","16s_v4",133,"wolf","wo8","50","wolf","sterile","final_eelgrass_swab","wolf_wolf"
"wo8_wolf_sterile_i_p2_h7","wo8_wolf_sterile_i_p2_h7","ACACACCCTGAC","na","sg197",3,"h7","hakai_2017_eelgrass_transplant","emily_adamczyk",515,"806r","16s_v4",102,"wolf","wo8","50","wolf","sterile","initial_eelgrass_swab","wolf_wolf"
"wo9_pruth_pocket_asu_f_p1_b9","wo9_pruth_pocket_asu_f_p1_b9","GTCATTGGGCTA","na","ex041",6,"b9","hakai_2017_eelgrass_transplant","emily_adamczyk",515,"806r","16s_v4",40,"wolf","wo9","n/a","pruth_pocket","asu","final_eelgrass_swab","wolf_pruth_pocket"
"wo9_pruth_pocket_control_f_p1_a9","wo9_pruth_pocket_control_f_p1_a9","AAGATCGTACTG","na","ex508",6,"a9","hakai_2017_eelgrass_transplant","emily_adamczyk",515,"806r","16s_v4",38,"wolf","wo9","93","pruth_pocket","control","final_eelgrass_swab","wolf_pruth_pocket"
"wo9_pruth_pocket_control_i_p2_c11","wo9_pruth_pocket_control_i_p2_c11","CGTTTATCCGTT","na","sg173",7,"c11","hakai_2017_eelgrass_transplant","emily_adamczyk",515,"806r","16s_v4",103,"wolf","wo9","93","pruth_pocket","control","initial_eelgrass_swab","wolf_pruth_pocket"
"wo9_pruth_pocket_sterile_f_p1_e2","wo9_pruth_pocket_sterile_f_p1_e2","TGGACTCAGCTA","na","ex063",6,"e2","hakai_2017_eelgrass_transplant","emily_adamczyk",515,"806r","16s_v4",39,"wolf","wo9","99","pruth_pocket","sterile","final_eelgrass_swab","wolf_pruth_pocket"
"wolf_water_deployment_p1_f9","wolf_water_deployment_p1_f9","CAGCTGGTTCAA","na","sg187",6,"f9","hakai_2017_eelgrass_transplant","emily_adamczyk",515,"806r","16s_v4",81,"wolf","water","na","na","deployment","water_filters_(0.22um)","wolf_na"
"wolf_water_deployment_p2_b3","wolf_water_deployment_p2_b3","GTCCCAGTCCCA","na","sg171",7,"b3","hakai_2017_eelgrass_transplant","emily_adamczyk",515,"806r","16s_v4",186,"wolf","water","na","na","deployment","water_filters_(0.22um)","wolf_na"
"wolf_water_deployment_p3_b3","wolf_water_deployment_p3_b3","ATTTACAATTGA","na","sg200",4,"b3","hakai_2017_eelgrass_transplant","emily_adamczyk",515,"806r","16s_v4",271,"wolf","water","na","na","deployment","water_filters_(0.22um)","wolf_na"
"wolf_water_recovery_p1_g11","wolf_water_recovery_p1_g11","CTTCAAGATGGA","na","ex029",6,"g11","hakai_2017_eelgrass_transplant","emily_adamczyk",515,"806r","16s_v4",85,"wolf","water","na","na","recovery","water_filters_(0.22um)","wolf_na"
"wolf_water_recovery_p2_f6","wolf_water_recovery_p2_f6","TAATCATGTAAT","na","ex001",7,"f6","hakai_2017_eelgrass_transplant","emily_adamczyk",515,"806r","16s_v4",190,"wolf","water","na","na","recovery","water_filters_(0.22um)","wolf_na"
"wolf_water_recovery_p3_e4","wolf_water_recovery_p3_e4","AACACCATCGAC","na","ex143",4,"e4","hakai_2017_eelgrass_transplant","emily_adamczyk",515,"806r","16s_v4",275,"wolf","water","na","na","recovery","water_filters_(0.22um)","wolf_na"
